#
# A fatal error has been detected by the Java Runtime Environment:
#
#  SIGSEGV (0xb) at pc=0x0000000122d2c1b8, pid=24286, tid=259
#
# JRE version: OpenJDK Runtime Environment (26.0.2.1+1) (build 26.0.2.1+1-7)
# Java VM: OpenJDK 64-Bit Server VM (26.0.2.1+1-7, mixed mode, sharing, tiered, compressed oops, compressed class ptrs, g1 gc, bsd-aarch64)
# Problematic frame:
# C  [libglass.dylib+0x281b8]  Java_com_sun_glass_ui_mac_MacView__1enableInputMethodEvents+0x7288
#
# No core dump will be written. Core dumps have been disabled. To enable core dumping, try "ulimit -c unlimited" before starting Java again
#
# If you would like to submit a bug report, please visit:
#   https://bugreport.java.com/bugreport/crash.jsp
#

---------------  S U M M A R Y ------------

Command Line: -javaagent:/Applications/IntelliJ IDEA.app/Contents/lib/idea_rt.jar=64907 -Dfile.encoding=UTF-8 -Dsun.stdout.encoding=UTF-8 -Dsun.stderr.encoding=UTF-8 com.imagelab.Main

Host: "MacBookAir10,1" arm64, 8 cores, 8G, Darwin 25.1.0, macOS 26.1 (25B78)
Time: Sun Sep 27 00:13:42 2026 +06 elapsed time: 44.381094 seconds (0d 0h 0m 44s)

---------------  T H R E A D  ---------------

Current thread is native thread

Stack: [0x000000016f504000,0x000000016fd00000],  sp=0x000000016fcfb720,  free space=8157k
Native frames: (J=compiled Java code, j=interpreted, Vv=VM code, C=native code)
C  [libglass.dylib+0x281b8]  Java_com_sun_glass_ui_mac_MacView__1enableInputMethodEvents+0x7288
C  [CoreFoundation+0x56484]  __CFNOTIFICATIONCENTER_IS_CALLING_OUT_TO_AN_OBSERVER__+0x94
C  [CoreFoundation+0xbaf34]  ___CFXRegistrationPost_block_invoke+0x5c
C  [CoreFoundation+0xbae78]  _CFXRegistrationPost+0x1b4
C  [CoreFoundation+0x34f9c]  _CFXNotificationPost+0x2e4
C  [Foundation+0xa0c308]  -[NSNotificationCenter postNotificationName:object:userInfo:]+0x58
C  [AppKit+0xc5288]  -[NSWindow resignKeyWindow]+0x26c
C  [AppKit+0xd0d460]  -[NSWindow _sendResignKeyWindow]+0x64
C  [AppKit+0xd12f58]  -[NSWindow _orderOut:calculatingKeyWithOptions:documentWindow:]+0xe4
C  [AppKit+0x419f8]  NSPerformVisuallyAtomicChange+0x6c
C  [AppKit+0xd14c6c]  -[NSWindow _reallyDoOrderWindowOutRelativeTo:]+0x1e8
C  [AppKit+0xd14fd0]  -[NSWindow _reallyDoOrderWindow:]+0x50
C  [AppKit+0xd15918]  __27-[NSWindow _doOrderWindow:]_block_invoke+0x1fc
C  [AppKit+0x419f8]  NSPerformVisuallyAtomicChange+0x6c
C  [AppKit+0xd15718]  -[NSWindow _doOrderWindow:]+0x39c
C  [AppKit+0xd0eae0]  -[NSWindow _finishClosingWindow]+0x1bc
C  [AppKit+0x1466d4]  -[NSWindow _close]+0x17c
C  [libglass.dylib+0x28920]  Java_com_sun_glass_ui_mac_MacView__1enableInputMethodEvents+0x79f0
C  [Foundation+0x38114]  __NSThreadPerformPerform+0x108
C  [CoreFoundation+0x5f9e8]  __CFRUNLOOP_IS_CALLING_OUT_TO_A_SOURCE0_PERFORM_FUNCTION__+0x1c
C  [CoreFoundation+0x5f97c]  __CFRunLoopDoSource0+0xac
C  [CoreFoundation+0x5f74c]  __CFRunLoopDoSources0+0x14c
C  [CoreFoundation+0x5e378]  __CFRunLoopRun+0x334
C  [CoreFoundation+0x11835c]  _CFRunLoopRunSpecificWithOptions+0x214
C  [libjli.dylib+0x99ec]  CreateExecutionEnvironment+0x19c
C  [libjli.dylib+0x5628]  JLI_Launch+0x230
C  [java+0x3ba0]  main+0x194
C  [dyld+0x8d54]  start+0x1c10

siginfo: si_signo: 11 (SIGSEGV), si_code: 2 (SEGV_ACCERR), si_addr: 0x0000000000000000

Registers:
 x0=0x0000000000000000  x1=0x0000000000000060  x2=0xfffff0007fc00000  x3=0x0000000000000001
 x4=0x0000000000cc0ee0  x5=0x0000000000000009  x6=0x000000000000000a  x7=0xfffff0003ffff800
 x8=0x0000000000000000  x9=0x000000007fbfe71f x10=0x0000000000000000 x11=0x0000000000000000
x12=0x0000a004804018e0 x13=0x00009002804011c0 x14=0x0000000000001800 x15=0x000000000000009f
x16=0x952d000a8f5f0e00 x17=0x00000000090029c0 x18=0x0000000000000000 x19=0x0000000a90d72260
x20=0x0000000a8f5f0e00 x21=0x0000000000000000 x22=0x0000000122d515d0 x23=0x0000000a8f5f0ee0
x24=0x0000000000000000 x25=0x0000000000041400 x26=0x0000000000000000 x27=0x0000004b00000059
x28=0x000000016fcfbc28  fp=0x000000016fcfbb70  lr=0x0000000122d2c1b4  sp=0x000000016fcfb720
pc=0x0000000122d2c1b8 cpsr=0x0000000000001000

Top of Stack: (sp=0x000000016fcfb720)
0x000000016fcfb720:   0000000122d3c766 0000000122d3c6e0   f.."......."....
0x000000016fcfb730:   0000000000000060 0000000122d2c178   `.......x.."....
0x000000016fcfb740:   00000001a0023484 00000001a0087f34   .4......4.......
0x000000016fcfb750:   00000001a0087e78 00000001a0001f9c   x~..............
0x000000016fcfb760:   00000001a2223308 00000001a44db288   .3".......M.....
0x000000016fcfb770:   00000001a5123460 00000001a5128f58   `4......X.......
0x000000016fcfb780:   00000001a44579f8 00000001a512ac6c   .yE.....l.......
0x000000016fcfb790:   00000001a512afd0 00000001a512b918   ................
0x000000016fcfb7a0:   00000001a44579f8 00000001a512b718   .yE.............
0x000000016fcfb7b0:   00000001a5124ae0 00000001a455c6d4   .J........U.....
0x000000016fcfb7c0:   0000000122d2c920 00000001a184f114    .."............
0x000000016fcfb7d0:   00000001a002c9e8 00000001a002c97c   ........|.......
0x000000016fcfb7e0:   00000001a002c74c 00000001a002b378   L.......x.......
0x000000016fcfb7f0:   00000001a00e535c 00000001001419ec   \S..............
0x000000016fcfb800:   000000010013d628 0000000100103ba0   (........;......
0x000000016fcfb810:   000000019fbc5d54 0000000000000000   T]..............
0x000000016fcfb820:   0000000000000000 0000000000000000   ................
0x000000016fcfb830:   0000000000000000 0000000000000000   ................
0x000000016fcfb840:   0000000000000000 0000000000000000   ................
0x000000016fcfb850:   0000000000000000 0000000000000000   ................
0x000000016fcfb860:   0000000000000000 0000000000000000   ................
0x000000016fcfb870:   0000000000000000 0000000000000000   ................
0x000000016fcfb880:   0000000000000000 0000000000000000   ................
0x000000016fcfb890:   0000000000000000 0000000000000000   ................
0x000000016fcfb8a0:   0000000000000000 0000000000000000   ................
0x000000016fcfb8b0:   0000000000000000 0000000000000000   ................
0x000000016fcfb8c0:   0000000000000000 0000000000000000   ................
0x000000016fcfb8d0:   0000000000000029 0000000a8f6ac900   ).........j.....
0x000000016fcfb8e0:   0000000a8e415700 0000000a9353c5a0   .WA.......S.....
0x000000016fcfb8f0:   000000016fcfb920 00000001a00c9c18    ..o............
0x000000016fcfb900:   0000000000000000 0000000000000000   ................
0x000000016fcfb910:   0000000000000015 0000000a93515c00   .........\Q.....

Instructions: (pc=0x0000000122d2c1b8)
  0x0000000122d2c0b8:   1f 20 03 d5 22 ad 12 58 e0 03 14 aa 00 01 3f d6
  0x0000000122d2c0c8:   a8 83 5c f8 1f 20 03 d5 89 02 0c 58 29 01 40 f9
  0x0000000122d2c0d8:   3f 01 08 eb 80 f8 ff 54 a7 1b 00 94 f8 5f bc a9
  0x0000000122d2c0e8:   f6 57 01 a9 f4 4f 02 a9 fd 7b 03 a9 fd c3 00 91
  0x0000000122d2c0f8:   ff 83 10 d1 1f 20 03 d5 08 01 0c 58 08 01 40 f9
  0x0000000122d2c108:   a8 83 1c f8 1f 20 03 d5 1f 20 03 d5 08 34 11 98
  0x0000000122d2c118:   08 68 68 f8 68 06 00 b5 f3 03 00 aa b7 20 00 94
  0x0000000122d2c128:   56 a5 12 10 1f 20 03 d5 c0 02 40 f9 20 04 00 b5
  0x0000000122d2c138:   1f 20 03 d5 68 ff 0b 58 00 01 40 f9 0a 0c 80 52
  0x0000000122d2c148:   c8 2c 08 10 1f 20 03 d5 a9 30 08 50 1f 20 03 d5
  0x0000000122d2c158:   e8 ab 00 a9 e9 03 00 f9 61 9d 06 50 1f 20 03 d5
  0x0000000122d2c168:   b2 1b 00 94 e0 63 00 91 01 10 80 52 8e 1b 00 94
  0x0000000122d2c178:   f5 03 00 aa e0 63 00 91 e1 03 15 aa 8d 1b 00 94
  0x0000000122d2c188:   f4 03 00 aa bf 06 00 71 eb 00 00 54 f5 03 15 2a
  0x0000000122d2c198:   f7 03 14 aa e0 86 40 f8 88 1c 00 94 b5 06 00 f1
  0x0000000122d2c1a8:   a1 ff ff 54 e0 03 14 aa a6 1b 00 94 c0 02 40 f9
=>0x0000000122d2c1b8:   08 00 40 f9 08 f5 40 f9 1f 20 03 d5 1f 20 03 d5
  0x0000000122d2c1c8:   a9 2d 11 98 61 6a 69 f8 1f 20 03 d5 1f 20 03 d5
  0x0000000122d2c1d8:   c2 a3 12 58 a9 43 80 52 e9 03 00 f9 00 01 3f d6
  0x0000000122d2c1e8:   a8 83 5c f8 1f 20 03 d5 89 f9 0b 58 29 01 40 f9
  0x0000000122d2c1f8:   3f 01 08 eb e1 00 00 54 ff 83 10 91 fd 7b 43 a9
  0x0000000122d2c208:   f4 4f 42 a9 f6 57 41 a9 f8 5f c4 a8 c0 03 5f d6
  0x0000000122d2c218:   59 1b 00 94 f6 57 bd a9 f4 4f 01 a9 fd 7b 02 a9
  0x0000000122d2c228:   fd 83 00 91 f3 03 00 aa 1f 20 03 d5 1f 20 03 d5
  0x0000000122d2c238:   54 2a 11 98 00 68 74 f8 00 29 00 94 a0 00 00 b4
  0x0000000122d2c248:   60 6a 74 f8 fd 28 00 94 62 6a 74 f8 f3 29 00 94
  0x0000000122d2c258:   60 6a 74 f8 19 22 00 94 f4 03 00 aa 8f 22 00 94
  0x0000000122d2c268:   60 01 00 b4 15 00 80 d2 e0 03 14 aa e2 03 15 aa
  0x0000000122d2c278:   9a 28 00 94 31 22 00 94 b5 06 00 91 e0 03 14 aa
  0x0000000122d2c288:   86 22 00 94 bf 02 00 eb 03 ff ff 54 1f 20 03 d5
  0x0000000122d2c298:   1f 20 03 d5 a0 99 12 58 c0 01 00 b4 08 00 40 f9
  0x0000000122d2c2a8:   03 f5 40 f9 1f 20 03 d5 1f 20 03 d5 48 26 11 98



---------------  P R O C E S S  ---------------

VM state: at safepoint (normal execution)

VM Mutex/Monitor currently owned by a thread:  ([mutex/lock_event])
[0x0000000106d68c90] Threads_lock - owner thread: 0x0000000a90cde800
[0x0000000106d68f10] Heap_lock - owner thread: 0x0000000a8eca6000

Heap address: 0x0000000300800000, size: 2048 MB, Compressed Oops mode: Zero based, Oop shift amount: 3

CDS archive(s) mapped at: [0x0000030000000000-0x0000030000dac000-0x0000030000dac000), size 14336000, SharedBaseAddress: 0x0000030000000000, ArchiveRelocationMode: 1.
Compressed class space mapped at: 0x0000030001000000-0x0000030041000000, reserved size: 1073741824
UseCompressedClassPointers 1, UseCompactObjectHeaders 0
Narrow klass pointer bits 32, Max shift 3
Narrow klass base: 0x0000030000000000, Narrow klass shift: 0
Encoding Range: [0x0000030000000000 - 0x0000030100000000), (4294967296 bytes)
Klass Range:    [0x0000030000000000 - 0x0000030041000000), (1090519040 bytes)
Klass ID Range:  [8 - 1090519033) (1090519025)
Protection zone: [0x0000030000000000 - 0x0000030000004000), (16384 bytes)

GC Precious Log:
<Skipped>

Heap:
 garbage-first heap   total reserved 2097152K, committed 346112K, used 322417K [0x0000000300800000, 0x0000000380800000)
  region size 1M, 4 eden (4M), 2 survivor (2M), 11 old (11M), 300 humongous (300M), 21 free (21M)

Heap Regions: E=young(eden), S=young(survivor), O=old, HS=humongous(starts), HC=humongous(continues), CS=collection set, F=free, TAMS=top-at-mark-start, PB=parsable bottom
|    0|0x0000000300800000, 0x0000000300900000, 0x0000000300900000|100%| O|  |TAMS 0x0000000300800000| PB 0x0000000300800000| Untracked |  0
|    1|0x0000000300900000, 0x0000000300a00000, 0x0000000300a00000|100%| O|  |TAMS 0x0000000300900000| PB 0x0000000300900000| Untracked |  0
|    2|0x0000000300a00000, 0x0000000300b00000, 0x0000000300b00000|100%| O|  |TAMS 0x0000000300a00000| PB 0x0000000300a00000| Untracked |  0
|    3|0x0000000300b00000, 0x0000000300c00000, 0x0000000300c00000|100%| O|  |TAMS 0x0000000300b00000| PB 0x0000000300b00000| Untracked |  0
|    4|0x0000000300c00000, 0x0000000300d00000, 0x0000000300d00000|100%| O|  |TAMS 0x0000000300c00000| PB 0x0000000300c00000| Untracked |  0
|    5|0x0000000300d00000, 0x0000000300e00000, 0x0000000300e00000|100%| O|  |TAMS 0x0000000300d00000| PB 0x0000000300d00000| Untracked |  0
|    6|0x0000000300e00000, 0x0000000300f00000, 0x0000000300f00000|100%| O|  |TAMS 0x0000000300e00000| PB 0x0000000300e00000| Untracked |  0
|    7|0x0000000300f00000, 0x0000000301000000, 0x0000000301000000|100%| O|  |TAMS 0x0000000300f00000| PB 0x0000000300f00000| Untracked |  0
|    8|0x0000000301000000, 0x0000000301000000, 0x0000000301100000|  0%| F|  |TAMS 0x0000000301000000| PB 0x0000000301000000| Untracked |  0
|    9|0x0000000301100000, 0x0000000301100000, 0x0000000301200000|  0%| F|  |TAMS 0x0000000301100000| PB 0x0000000301100000| Untracked |  0
|   10|0x0000000301200000, 0x0000000301200000, 0x0000000301300000|  0%| F|  |TAMS 0x0000000301200000| PB 0x0000000301200000| Untracked |  0
|   11|0x0000000301300000, 0x0000000301300000, 0x0000000301400000|  0%| F|  |TAMS 0x0000000301300000| PB 0x0000000301300000| Untracked |  0
|   12|0x0000000301400000, 0x0000000301400000, 0x0000000301500000|  0%| F|  |TAMS 0x0000000301400000| PB 0x0000000301400000| Untracked |  0
|   13|0x0000000301500000, 0x0000000301600000, 0x0000000301600000|100%|HS|  |TAMS 0x0000000301500000| PB 0x0000000301500000| Complete  |  0
|   14|0x0000000301600000, 0x0000000301700000, 0x0000000301700000|100%|HC|  |TAMS 0x0000000301600000| PB 0x0000000301600000| Complete  |  0
|   15|0x0000000301700000, 0x0000000301800000, 0x0000000301800000|100%|HC|  |TAMS 0x0000000301700000| PB 0x0000000301700000| Complete  |  0
|   16|0x0000000301800000, 0x0000000301900000, 0x0000000301900000|100%|HC|  |TAMS 0x0000000301800000| PB 0x0000000301800000| Complete  |  0
|   17|0x0000000301900000, 0x0000000301a00000, 0x0000000301a00000|100%|HC|  |TAMS 0x0000000301900000| PB 0x0000000301900000| Complete  |  0
|   18|0x0000000301a00000, 0x0000000301b00000, 0x0000000301b00000|100%|HC|  |TAMS 0x0000000301a00000| PB 0x0000000301a00000| Complete  |  0
|   19|0x0000000301b00000, 0x0000000301c00000, 0x0000000301c00000|100%|HC|  |TAMS 0x0000000301b00000| PB 0x0000000301b00000| Complete  |  0
|   20|0x0000000301c00000, 0x0000000301d00000, 0x0000000301d00000|100%|HC|  |TAMS 0x0000000301c00000| PB 0x0000000301c00000| Complete  |  0
|   21|0x0000000301d00000, 0x0000000301e00000, 0x0000000301e00000|100%|HC|  |TAMS 0x0000000301d00000| PB 0x0000000301d00000| Complete  |  0
|   22|0x0000000301e00000, 0x0000000301f00000, 0x0000000301f00000|100%|HC|  |TAMS 0x0000000301e00000| PB 0x0000000301e00000| Complete  |  0
|   23|0x0000000301f00000, 0x0000000302000000, 0x0000000302000000|100%|HC|  |TAMS 0x0000000301f00000| PB 0x0000000301f00000| Complete  |  0
|   24|0x0000000302000000, 0x0000000302100000, 0x0000000302100000|100%|HC|  |TAMS 0x0000000302000000| PB 0x0000000302000000| Complete  |  0
|   25|0x0000000302100000, 0x0000000302200000, 0x0000000302200000|100%|HC|  |TAMS 0x0000000302100000| PB 0x0000000302100000| Complete  |  0
|   26|0x0000000302200000, 0x0000000302300000, 0x0000000302300000|100%|HC|  |TAMS 0x0000000302200000| PB 0x0000000302200000| Complete  |  0
|   27|0x0000000302300000, 0x0000000302400000, 0x0000000302400000|100%|HC|  |TAMS 0x0000000302300000| PB 0x0000000302300000| Complete  |  0
|   28|0x0000000302400000, 0x0000000302500000, 0x0000000302500000|100%|HC|  |TAMS 0x0000000302400000| PB 0x0000000302400000| Complete  |  0
|   29|0x0000000302500000, 0x0000000302600000, 0x0000000302600000|100%|HC|  |TAMS 0x0000000302500000| PB 0x0000000302500000| Complete  |  0
|   30|0x0000000302600000, 0x0000000302700000, 0x0000000302700000|100%|HC|  |TAMS 0x0000000302600000| PB 0x0000000302600000| Complete  |  0
|   31|0x0000000302700000, 0x0000000302800000, 0x0000000302800000|100%|HC|  |TAMS 0x0000000302700000| PB 0x0000000302700000| Complete  |  0
|   32|0x0000000302800000, 0x0000000302900000, 0x0000000302900000|100%|HC|  |TAMS 0x0000000302800000| PB 0x0000000302800000| Complete  |  0
|   33|0x0000000302900000, 0x0000000302a00000, 0x0000000302a00000|100%|HC|  |TAMS 0x0000000302900000| PB 0x0000000302900000| Complete  |  0
|   34|0x0000000302a00000, 0x0000000302b00000, 0x0000000302b00000|100%|HC|  |TAMS 0x0000000302a00000| PB 0x0000000302a00000| Complete  |  0
|   35|0x0000000302b00000, 0x0000000302c00000, 0x0000000302c00000|100%|HC|  |TAMS 0x0000000302b00000| PB 0x0000000302b00000| Complete  |  0
|   36|0x0000000302c00000, 0x0000000302d00000, 0x0000000302d00000|100%|HC|  |TAMS 0x0000000302c00000| PB 0x0000000302c00000| Complete  |  0
|   37|0x0000000302d00000, 0x0000000302e00000, 0x0000000302e00000|100%|HC|  |TAMS 0x0000000302d00000| PB 0x0000000302d00000| Complete  |  0
|   38|0x0000000302e00000, 0x0000000302f00000, 0x0000000302f00000|100%|HC|  |TAMS 0x0000000302e00000| PB 0x0000000302e00000| Complete  |  0
|   39|0x0000000302f00000, 0x0000000303000000, 0x0000000303000000|100%|HC|  |TAMS 0x0000000302f00000| PB 0x0000000302f00000| Complete  |  0
|   40|0x0000000303000000, 0x0000000303100000, 0x0000000303100000|100%|HC|  |TAMS 0x0000000303000000| PB 0x0000000303000000| Complete  |  0
|   41|0x0000000303100000, 0x0000000303200000, 0x0000000303200000|100%|HC|  |TAMS 0x0000000303100000| PB 0x0000000303100000| Complete  |  0
|   42|0x0000000303200000, 0x0000000303300000, 0x0000000303300000|100%|HC|  |TAMS 0x0000000303200000| PB 0x0000000303200000| Complete  |  0
|   43|0x0000000303300000, 0x0000000303400000, 0x0000000303400000|100%|HC|  |TAMS 0x0000000303300000| PB 0x0000000303300000| Complete  |  0
|   44|0x0000000303400000, 0x0000000303500000, 0x0000000303500000|100%|HC|  |TAMS 0x0000000303400000| PB 0x0000000303400000| Complete  |  0
|   45|0x0000000303500000, 0x0000000303600000, 0x0000000303600000|100%|HC|  |TAMS 0x0000000303500000| PB 0x0000000303500000| Complete  |  0
|   46|0x0000000303600000, 0x0000000303700000, 0x0000000303700000|100%|HC|  |TAMS 0x0000000303600000| PB 0x0000000303600000| Complete  |  0
|   47|0x0000000303700000, 0x0000000303800000, 0x0000000303800000|100%|HC|  |TAMS 0x0000000303700000| PB 0x0000000303700000| Complete  |  0
|   48|0x0000000303800000, 0x0000000303900000, 0x0000000303900000|100%|HC|  |TAMS 0x0000000303800000| PB 0x0000000303800000| Complete  |  0
|   49|0x0000000303900000, 0x0000000303a00000, 0x0000000303a00000|100%|HC|  |TAMS 0x0000000303900000| PB 0x0000000303900000| Complete  |  0
|   50|0x0000000303a00000, 0x0000000303b00000, 0x0000000303b00000|100%|HC|  |TAMS 0x0000000303a00000| PB 0x0000000303a00000| Complete  |  0
|   51|0x0000000303b00000, 0x0000000303c00000, 0x0000000303c00000|100%|HC|  |TAMS 0x0000000303b00000| PB 0x0000000303b00000| Complete  |  0
|   52|0x0000000303c00000, 0x0000000303d00000, 0x0000000303d00000|100%|HC|  |TAMS 0x0000000303c00000| PB 0x0000000303c00000| Complete  |  0
|   53|0x0000000303d00000, 0x0000000303e00000, 0x0000000303e00000|100%|HC|  |TAMS 0x0000000303d00000| PB 0x0000000303d00000| Complete  |  0
|   54|0x0000000303e00000, 0x0000000303f00000, 0x0000000303f00000|100%|HC|  |TAMS 0x0000000303e00000| PB 0x0000000303e00000| Complete  |  0
|   55|0x0000000303f00000, 0x0000000304000000, 0x0000000304000000|100%|HC|  |TAMS 0x0000000303f00000| PB 0x0000000303f00000| Complete  |  0
|   56|0x0000000304000000, 0x0000000304100000, 0x0000000304100000|100%|HC|  |TAMS 0x0000000304000000| PB 0x0000000304000000| Complete  |  0
|   57|0x0000000304100000, 0x0000000304200000, 0x0000000304200000|100%|HC|  |TAMS 0x0000000304100000| PB 0x0000000304100000| Complete  |  0
|   58|0x0000000304200000, 0x0000000304300000, 0x0000000304300000|100%|HC|  |TAMS 0x0000000304200000| PB 0x0000000304200000| Complete  |  0
|   59|0x0000000304300000, 0x0000000304400000, 0x0000000304400000|100%|HS|  |TAMS 0x0000000304300000| PB 0x0000000304300000| Complete  |  0
|   60|0x0000000304400000, 0x0000000304500000, 0x0000000304500000|100%|HC|  |TAMS 0x0000000304400000| PB 0x0000000304400000| Complete  |  0
|   61|0x0000000304500000, 0x0000000304600000, 0x0000000304600000|100%|HC|  |TAMS 0x0000000304500000| PB 0x0000000304500000| Complete  |  0
|   62|0x0000000304600000, 0x0000000304700000, 0x0000000304700000|100%|HC|  |TAMS 0x0000000304600000| PB 0x0000000304600000| Complete  |  0
|   63|0x0000000304700000, 0x0000000304800000, 0x0000000304800000|100%|HC|  |TAMS 0x0000000304700000| PB 0x0000000304700000| Complete  |  0
|   64|0x0000000304800000, 0x0000000304900000, 0x0000000304900000|100%|HC|  |TAMS 0x0000000304800000| PB 0x0000000304800000| Complete  |  0
|   65|0x0000000304900000, 0x0000000304a00000, 0x0000000304a00000|100%|HC|  |TAMS 0x0000000304900000| PB 0x0000000304900000| Complete  |  0
|   66|0x0000000304a00000, 0x0000000304b00000, 0x0000000304b00000|100%|HC|  |TAMS 0x0000000304a00000| PB 0x0000000304a00000| Complete  |  0
|   67|0x0000000304b00000, 0x0000000304c00000, 0x0000000304c00000|100%|HC|  |TAMS 0x0000000304b00000| PB 0x0000000304b00000| Complete  |  0
|   68|0x0000000304c00000, 0x0000000304d00000, 0x0000000304d00000|100%|HC|  |TAMS 0x0000000304c00000| PB 0x0000000304c00000| Complete  |  0
|   69|0x0000000304d00000, 0x0000000304e00000, 0x0000000304e00000|100%|HC|  |TAMS 0x0000000304d00000| PB 0x0000000304d00000| Complete  |  0
|   70|0x0000000304e00000, 0x0000000304f00000, 0x0000000304f00000|100%|HC|  |TAMS 0x0000000304e00000| PB 0x0000000304e00000| Complete  |  0
|   71|0x0000000304f00000, 0x0000000305000000, 0x0000000305000000|100%|HC|  |TAMS 0x0000000304f00000| PB 0x0000000304f00000| Complete  |  0
|   72|0x0000000305000000, 0x0000000305100000, 0x0000000305100000|100%|HC|  |TAMS 0x0000000305000000| PB 0x0000000305000000| Complete  |  0
|   73|0x0000000305100000, 0x0000000305200000, 0x0000000305200000|100%|HC|  |TAMS 0x0000000305100000| PB 0x0000000305100000| Complete  |  0
|   74|0x0000000305200000, 0x0000000305300000, 0x0000000305300000|100%|HC|  |TAMS 0x0000000305200000| PB 0x0000000305200000| Complete  |  0
|   75|0x0000000305300000, 0x0000000305400000, 0x0000000305400000|100%|HC|  |TAMS 0x0000000305300000| PB 0x0000000305300000| Complete  |  0
|   76|0x0000000305400000, 0x0000000305500000, 0x0000000305500000|100%|HC|  |TAMS 0x0000000305400000| PB 0x0000000305400000| Complete  |  0
|   77|0x0000000305500000, 0x0000000305600000, 0x0000000305600000|100%|HC|  |TAMS 0x0000000305500000| PB 0x0000000305500000| Complete  |  0
|   78|0x0000000305600000, 0x0000000305700000, 0x0000000305700000|100%|HC|  |TAMS 0x0000000305600000| PB 0x0000000305600000| Complete  |  0
|   79|0x0000000305700000, 0x0000000305800000, 0x0000000305800000|100%|HC|  |TAMS 0x0000000305700000| PB 0x0000000305700000| Complete  |  0
|   80|0x0000000305800000, 0x0000000305900000, 0x0000000305900000|100%|HC|  |TAMS 0x0000000305800000| PB 0x0000000305800000| Complete  |  0
|   81|0x0000000305900000, 0x0000000305a00000, 0x0000000305a00000|100%|HC|  |TAMS 0x0000000305900000| PB 0x0000000305900000| Complete  |  0
|   82|0x0000000305a00000, 0x0000000305b00000, 0x0000000305b00000|100%|HC|  |TAMS 0x0000000305a00000| PB 0x0000000305a00000| Complete  |  0
|   83|0x0000000305b00000, 0x0000000305c00000, 0x0000000305c00000|100%|HC|  |TAMS 0x0000000305b00000| PB 0x0000000305b00000| Complete  |  0
|   84|0x0000000305c00000, 0x0000000305d00000, 0x0000000305d00000|100%|HC|  |TAMS 0x0000000305c00000| PB 0x0000000305c00000| Complete  |  0
|   85|0x0000000305d00000, 0x0000000305e00000, 0x0000000305e00000|100%|HC|  |TAMS 0x0000000305d00000| PB 0x0000000305d00000| Complete  |  0
|   86|0x0000000305e00000, 0x0000000305f00000, 0x0000000305f00000|100%|HC|  |TAMS 0x0000000305e00000| PB 0x0000000305e00000| Complete  |  0
|   87|0x0000000305f00000, 0x0000000306000000, 0x0000000306000000|100%|HC|  |TAMS 0x0000000305f00000| PB 0x0000000305f00000| Complete  |  0
|   88|0x0000000306000000, 0x0000000306100000, 0x0000000306100000|100%|HC|  |TAMS 0x0000000306000000| PB 0x0000000306000000| Complete  |  0
|   89|0x0000000306100000, 0x0000000306200000, 0x0000000306200000|100%|HC|  |TAMS 0x0000000306100000| PB 0x0000000306100000| Complete  |  0
|   90|0x0000000306200000, 0x0000000306300000, 0x0000000306300000|100%|HC|  |TAMS 0x0000000306200000| PB 0x0000000306200000| Complete  |  0
|   91|0x0000000306300000, 0x0000000306400000, 0x0000000306400000|100%|HC|  |TAMS 0x0000000306300000| PB 0x0000000306300000| Complete  |  0
|   92|0x0000000306400000, 0x0000000306500000, 0x0000000306500000|100%|HC|  |TAMS 0x0000000306400000| PB 0x0000000306400000| Complete  |  0
|   93|0x0000000306500000, 0x0000000306600000, 0x0000000306600000|100%|HC|  |TAMS 0x0000000306500000| PB 0x0000000306500000| Complete  |  0
|   94|0x0000000306600000, 0x0000000306700000, 0x0000000306700000|100%|HC|  |TAMS 0x0000000306600000| PB 0x0000000306600000| Complete  |  0
|   95|0x0000000306700000, 0x0000000306800000, 0x0000000306800000|100%|HC|  |TAMS 0x0000000306700000| PB 0x0000000306700000| Complete  |  0
|   96|0x0000000306800000, 0x0000000306900000, 0x0000000306900000|100%|HC|  |TAMS 0x0000000306800000| PB 0x0000000306800000| Complete  |  0
|   97|0x0000000306900000, 0x0000000306a00000, 0x0000000306a00000|100%|HC|  |TAMS 0x0000000306900000| PB 0x0000000306900000| Complete  |  0
|   98|0x0000000306a00000, 0x0000000306b00000, 0x0000000306b00000|100%|HC|  |TAMS 0x0000000306a00000| PB 0x0000000306a00000| Complete  |  0
|   99|0x0000000306b00000, 0x0000000306c00000, 0x0000000306c00000|100%|HC|  |TAMS 0x0000000306b00000| PB 0x0000000306b00000| Complete  |  0
|  100|0x0000000306c00000, 0x0000000306d00000, 0x0000000306d00000|100%|HC|  |TAMS 0x0000000306c00000| PB 0x0000000306c00000| Complete  |  0
|  101|0x0000000306d00000, 0x0000000306e00000, 0x0000000306e00000|100%|HC|  |TAMS 0x0000000306d00000| PB 0x0000000306d00000| Complete  |  0
|  102|0x0000000306e00000, 0x0000000306f00000, 0x0000000306f00000|100%|HC|  |TAMS 0x0000000306e00000| PB 0x0000000306e00000| Complete  |  0
|  103|0x0000000306f00000, 0x0000000307000000, 0x0000000307000000|100%|HC|  |TAMS 0x0000000306f00000| PB 0x0000000306f00000| Complete  |  0
|  104|0x0000000307000000, 0x0000000307100000, 0x0000000307100000|100%|HC|  |TAMS 0x0000000307000000| PB 0x0000000307000000| Complete  |  0
|  105|0x0000000307100000, 0x0000000307200000, 0x0000000307200000|100%|HC|  |TAMS 0x0000000307100000| PB 0x0000000307100000| Complete  |  0
|  106|0x0000000307200000, 0x0000000307300000, 0x0000000307300000|100%|HC|  |TAMS 0x0000000307200000| PB 0x0000000307200000| Complete  |  0
|  107|0x0000000307300000, 0x0000000307400000, 0x0000000307400000|100%|HC|  |TAMS 0x0000000307300000| PB 0x0000000307300000| Complete  |  0
|  108|0x0000000307400000, 0x0000000307500000, 0x0000000307500000|100%|HC|  |TAMS 0x0000000307400000| PB 0x0000000307400000| Complete  |  0
|  109|0x0000000307500000, 0x0000000307600000, 0x0000000307600000|100%|HC|  |TAMS 0x0000000307500000| PB 0x0000000307500000| Complete  |  0
|  110|0x0000000307600000, 0x0000000307700000, 0x0000000307700000|100%|HC|  |TAMS 0x0000000307600000| PB 0x0000000307600000| Complete  |  0
|  111|0x0000000307700000, 0x0000000307800000, 0x0000000307800000|100%|HC|  |TAMS 0x0000000307700000| PB 0x0000000307700000| Complete  |  0
|  112|0x0000000307800000, 0x0000000307900000, 0x0000000307900000|100%|HC|  |TAMS 0x0000000307800000| PB 0x0000000307800000| Complete  |  0
|  113|0x0000000307900000, 0x0000000307a00000, 0x0000000307a00000|100%|HC|  |TAMS 0x0000000307900000| PB 0x0000000307900000| Complete  |  0
|  114|0x0000000307a00000, 0x0000000307b00000, 0x0000000307b00000|100%|HC|  |TAMS 0x0000000307a00000| PB 0x0000000307a00000| Complete  |  0
|  115|0x0000000307b00000, 0x0000000307c00000, 0x0000000307c00000|100%|HC|  |TAMS 0x0000000307b00000| PB 0x0000000307b00000| Complete  |  0
|  116|0x0000000307c00000, 0x0000000307d00000, 0x0000000307d00000|100%|HC|  |TAMS 0x0000000307c00000| PB 0x0000000307c00000| Complete  |  0
|  117|0x0000000307d00000, 0x0000000307e00000, 0x0000000307e00000|100%|HC|  |TAMS 0x0000000307d00000| PB 0x0000000307d00000| Complete  |  0
|  118|0x0000000307e00000, 0x0000000307f00000, 0x0000000307f00000|100%|HC|  |TAMS 0x0000000307e00000| PB 0x0000000307e00000| Complete  |  0
|  119|0x0000000307f00000, 0x0000000308000000, 0x0000000308000000|100%|HC|  |TAMS 0x0000000307f00000| PB 0x0000000307f00000| Complete  |  0
|  120|0x0000000308000000, 0x0000000308100000, 0x0000000308100000|100%|HS|  |TAMS 0x0000000308000000| PB 0x0000000308000000| Complete  |  0
|  121|0x0000000308100000, 0x0000000308200000, 0x0000000308200000|100%|HC|  |TAMS 0x0000000308100000| PB 0x0000000308100000| Complete  |  0
|  122|0x0000000308200000, 0x0000000308300000, 0x0000000308300000|100%|HC|  |TAMS 0x0000000308200000| PB 0x0000000308200000| Complete  |  0
|  123|0x0000000308300000, 0x0000000308400000, 0x0000000308400000|100%|HC|  |TAMS 0x0000000308300000| PB 0x0000000308300000| Complete  |  0
|  124|0x0000000308400000, 0x0000000308500000, 0x0000000308500000|100%|HC|  |TAMS 0x0000000308400000| PB 0x0000000308400000| Complete  |  0
|  125|0x0000000308500000, 0x0000000308500000, 0x0000000308600000|  0%| F|  |TAMS 0x0000000308500000| PB 0x0000000308500000| Untracked |  0
|  126|0x0000000308600000, 0x0000000308600000, 0x0000000308700000|  0%| F|  |TAMS 0x0000000308600000| PB 0x0000000308600000| Untracked |  0
|  127|0x0000000308700000, 0x0000000308700000, 0x0000000308800000|  0%| F|  |TAMS 0x0000000308700000| PB 0x0000000308700000| Untracked |  0
|  128|0x0000000308800000, 0x0000000308800000, 0x0000000308900000|  0%| F|  |TAMS 0x0000000308800000| PB 0x0000000308800000| Untracked |  0
|  129|0x0000000308900000, 0x0000000308900000, 0x0000000308a00000|  0%| F|  |TAMS 0x0000000308900000| PB 0x0000000308900000| Untracked |  0
|  130|0x0000000308a00000, 0x0000000308a00000, 0x0000000308b00000|  0%| F|  |TAMS 0x0000000308a00000| PB 0x0000000308a00000| Untracked |  0
|  131|0x0000000308b00000, 0x0000000308b00000, 0x0000000308c00000|  0%| F|  |TAMS 0x0000000308b00000| PB 0x0000000308b00000| Untracked |  0
|  132|0x0000000308c00000, 0x0000000308c00000, 0x0000000308d00000|  0%| F|  |TAMS 0x0000000308c00000| PB 0x0000000308c00000| Untracked |  0
|  133|0x0000000308d00000, 0x0000000308d00000, 0x0000000308e00000|  0%| F|  |TAMS 0x0000000308d00000| PB 0x0000000308d00000| Untracked |  0
|  134|0x0000000308e00000, 0x0000000308e00000, 0x0000000308f00000|  0%| F|  |TAMS 0x0000000308e00000| PB 0x0000000308e00000| Untracked |  0
|  135|0x0000000308f00000, 0x0000000308f00000, 0x0000000309000000|  0%| F|  |TAMS 0x0000000308f00000| PB 0x0000000308f00000| Untracked |  0
|  136|0x0000000309000000, 0x0000000309000000, 0x0000000309100000|  0%| F|  |TAMS 0x0000000309000000| PB 0x0000000309000000| Untracked |  0
|  137|0x0000000309100000, 0x0000000309100000, 0x0000000309200000|  0%| F|  |TAMS 0x0000000309100000| PB 0x0000000309100000| Untracked |  0
|  138|0x0000000309200000, 0x0000000309200000, 0x0000000309300000|  0%| F|  |TAMS 0x0000000309200000| PB 0x0000000309200000| Untracked |  0
|  139|0x0000000309300000, 0x0000000309300000, 0x0000000309400000|  0%| F|  |TAMS 0x0000000309300000| PB 0x0000000309300000| Untracked |  0
|  140|0x0000000309400000, 0x0000000309400000, 0x0000000309500000|  0%| F|  |TAMS 0x0000000309400000| PB 0x0000000309400000| Untracked |  0
|  141|0x0000000309500000, 0x00000003095a0ce8, 0x0000000309600000| 62%| E|CS|TAMS 0x0000000309500000| PB 0x0000000309500000| Complete  |  0
|  142|0x0000000309600000, 0x0000000309700000, 0x0000000309700000|100%| E|CS|TAMS 0x0000000309600000| PB 0x0000000309600000| Complete  |  0
|  143|0x0000000309700000, 0x0000000309800000, 0x0000000309800000|100%| E|CS|TAMS 0x0000000309700000| PB 0x0000000309700000| Complete  |  0
|  144|0x0000000309800000, 0x0000000309900000, 0x0000000309900000|100%|HS|  |TAMS 0x0000000309800000| PB 0x0000000309800000| Complete  |  0
|  145|0x0000000309900000, 0x0000000309a00000, 0x0000000309a00000|100%|HC|  |TAMS 0x0000000309900000| PB 0x0000000309900000| Complete  |  0
|  146|0x0000000309a00000, 0x0000000309b00000, 0x0000000309b00000|100%|HC|  |TAMS 0x0000000309a00000| PB 0x0000000309a00000| Complete  |  0
|  147|0x0000000309b00000, 0x0000000309c00000, 0x0000000309c00000|100%|HC|  |TAMS 0x0000000309b00000| PB 0x0000000309b00000| Complete  |  0
|  148|0x0000000309c00000, 0x0000000309d00000, 0x0000000309d00000|100%|HC|  |TAMS 0x0000000309c00000| PB 0x0000000309c00000| Complete  |  0
|  149|0x0000000309d00000, 0x0000000309e00000, 0x0000000309e00000|100%|HC|  |TAMS 0x0000000309d00000| PB 0x0000000309d00000| Complete  |  0
|  150|0x0000000309e00000, 0x0000000309f00000, 0x0000000309f00000|100%|HC|  |TAMS 0x0000000309e00000| PB 0x0000000309e00000| Complete  |  0
|  151|0x0000000309f00000, 0x000000030a000000, 0x000000030a000000|100%|HC|  |TAMS 0x0000000309f00000| PB 0x0000000309f00000| Complete  |  0
|  152|0x000000030a000000, 0x000000030a100000, 0x000000030a100000|100%|HC|  |TAMS 0x000000030a000000| PB 0x000000030a000000| Complete  |  0
|  153|0x000000030a100000, 0x000000030a200000, 0x000000030a200000|100%|HC|  |TAMS 0x000000030a100000| PB 0x000000030a100000| Complete  |  0
|  154|0x000000030a200000, 0x000000030a300000, 0x000000030a300000|100%|HC|  |TAMS 0x000000030a200000| PB 0x000000030a200000| Complete  |  0
|  155|0x000000030a300000, 0x000000030a400000, 0x000000030a400000|100%|HC|  |TAMS 0x000000030a300000| PB 0x000000030a300000| Complete  |  0
|  156|0x000000030a400000, 0x000000030a500000, 0x000000030a500000|100%|HC|  |TAMS 0x000000030a400000| PB 0x000000030a400000| Complete  |  0
|  157|0x000000030a500000, 0x000000030a600000, 0x000000030a600000|100%|HC|  |TAMS 0x000000030a500000| PB 0x000000030a500000| Complete  |  0
|  158|0x000000030a600000, 0x000000030a700000, 0x000000030a700000|100%|HC|  |TAMS 0x000000030a600000| PB 0x000000030a600000| Complete  |  0
|  159|0x000000030a700000, 0x000000030a800000, 0x000000030a800000|100%|HC|  |TAMS 0x000000030a700000| PB 0x000000030a700000| Complete  |  0
|  160|0x000000030a800000, 0x000000030a900000, 0x000000030a900000|100%|HC|  |TAMS 0x000000030a800000| PB 0x000000030a800000| Complete  |  0
|  161|0x000000030a900000, 0x000000030aa00000, 0x000000030aa00000|100%|HC|  |TAMS 0x000000030a900000| PB 0x000000030a900000| Complete  |  0
|  162|0x000000030aa00000, 0x000000030ab00000, 0x000000030ab00000|100%|HC|  |TAMS 0x000000030aa00000| PB 0x000000030aa00000| Complete  |  0
|  163|0x000000030ab00000, 0x000000030ac00000, 0x000000030ac00000|100%|HC|  |TAMS 0x000000030ab00000| PB 0x000000030ab00000| Complete  |  0
|  164|0x000000030ac00000, 0x000000030ad00000, 0x000000030ad00000|100%|HC|  |TAMS 0x000000030ac00000| PB 0x000000030ac00000| Complete  |  0
|  165|0x000000030ad00000, 0x000000030ae00000, 0x000000030ae00000|100%|HC|  |TAMS 0x000000030ad00000| PB 0x000000030ad00000| Complete  |  0
|  166|0x000000030ae00000, 0x000000030af00000, 0x000000030af00000|100%|HC|  |TAMS 0x000000030ae00000| PB 0x000000030ae00000| Complete  |  0
|  167|0x000000030af00000, 0x000000030b000000, 0x000000030b000000|100%|HC|  |TAMS 0x000000030af00000| PB 0x000000030af00000| Complete  |  0
|  168|0x000000030b000000, 0x000000030b100000, 0x000000030b100000|100%|HC|  |TAMS 0x000000030b000000| PB 0x000000030b000000| Complete  |  0
|  169|0x000000030b100000, 0x000000030b200000, 0x000000030b200000|100%|HC|  |TAMS 0x000000030b100000| PB 0x000000030b100000| Complete  |  0
|  170|0x000000030b200000, 0x000000030b300000, 0x000000030b300000|100%|HC|  |TAMS 0x000000030b200000| PB 0x000000030b200000| Complete  |  0
|  171|0x000000030b300000, 0x000000030b400000, 0x000000030b400000|100%|HC|  |TAMS 0x000000030b300000| PB 0x000000030b300000| Complete  |  0
|  172|0x000000030b400000, 0x000000030b500000, 0x000000030b500000|100%|HC|  |TAMS 0x000000030b400000| PB 0x000000030b400000| Complete  |  0
|  173|0x000000030b500000, 0x000000030b600000, 0x000000030b600000|100%|HC|  |TAMS 0x000000030b500000| PB 0x000000030b500000| Complete  |  0
|  174|0x000000030b600000, 0x000000030b700000, 0x000000030b700000|100%|HC|  |TAMS 0x000000030b600000| PB 0x000000030b600000| Complete  |  0
|  175|0x000000030b700000, 0x000000030b800000, 0x000000030b800000|100%|HC|  |TAMS 0x000000030b700000| PB 0x000000030b700000| Complete  |  0
|  176|0x000000030b800000, 0x000000030b900000, 0x000000030b900000|100%|HC|  |TAMS 0x000000030b800000| PB 0x000000030b800000| Complete  |  0
|  177|0x000000030b900000, 0x000000030ba00000, 0x000000030ba00000|100%|HC|  |TAMS 0x000000030b900000| PB 0x000000030b900000| Complete  |  0
|  178|0x000000030ba00000, 0x000000030bb00000, 0x000000030bb00000|100%|HC|  |TAMS 0x000000030ba00000| PB 0x000000030ba00000| Complete  |  0
|  179|0x000000030bb00000, 0x000000030bc00000, 0x000000030bc00000|100%|HC|  |TAMS 0x000000030bb00000| PB 0x000000030bb00000| Complete  |  0
|  180|0x000000030bc00000, 0x000000030bd00000, 0x000000030bd00000|100%|HC|  |TAMS 0x000000030bc00000| PB 0x000000030bc00000| Complete  |  0
|  181|0x000000030bd00000, 0x000000030be00000, 0x000000030be00000|100%|HC|  |TAMS 0x000000030bd00000| PB 0x000000030bd00000| Complete  |  0
|  182|0x000000030be00000, 0x000000030bf00000, 0x000000030bf00000|100%|HC|  |TAMS 0x000000030be00000| PB 0x000000030be00000| Complete  |  0
|  183|0x000000030bf00000, 0x000000030c000000, 0x000000030c000000|100%|HC|  |TAMS 0x000000030bf00000| PB 0x000000030bf00000| Complete  |  0
|  184|0x000000030c000000, 0x000000030c100000, 0x000000030c100000|100%|HC|  |TAMS 0x000000030c000000| PB 0x000000030c000000| Complete  |  0
|  185|0x000000030c100000, 0x000000030c200000, 0x000000030c200000|100%|HC|  |TAMS 0x000000030c100000| PB 0x000000030c100000| Complete  |  0
|  186|0x000000030c200000, 0x000000030c300000, 0x000000030c300000|100%|HC|  |TAMS 0x000000030c200000| PB 0x000000030c200000| Complete  |  0
|  187|0x000000030c300000, 0x000000030c400000, 0x000000030c400000|100%|HC|  |TAMS 0x000000030c300000| PB 0x000000030c300000| Complete  |  0
|  188|0x000000030c400000, 0x000000030c500000, 0x000000030c500000|100%|HC|  |TAMS 0x000000030c400000| PB 0x000000030c400000| Complete  |  0
|  189|0x000000030c500000, 0x000000030c600000, 0x000000030c600000|100%|HC|  |TAMS 0x000000030c500000| PB 0x000000030c500000| Complete  |  0
|  190|0x000000030c600000, 0x000000030c700000, 0x000000030c700000|100%|HC|  |TAMS 0x000000030c600000| PB 0x000000030c600000| Complete  |  0
|  191|0x000000030c700000, 0x000000030c800000, 0x000000030c800000|100%|HC|  |TAMS 0x000000030c700000| PB 0x000000030c700000| Complete  |  0
|  192|0x000000030c800000, 0x000000030c900000, 0x000000030c900000|100%|HC|  |TAMS 0x000000030c800000| PB 0x000000030c800000| Complete  |  0
|  193|0x000000030c900000, 0x000000030ca00000, 0x000000030ca00000|100%|HC|  |TAMS 0x000000030c900000| PB 0x000000030c900000| Complete  |  0
|  194|0x000000030ca00000, 0x000000030cb00000, 0x000000030cb00000|100%|HC|  |TAMS 0x000000030ca00000| PB 0x000000030ca00000| Complete  |  0
|  195|0x000000030cb00000, 0x000000030cc00000, 0x000000030cc00000|100%|HC|  |TAMS 0x000000030cb00000| PB 0x000000030cb00000| Complete  |  0
|  196|0x000000030cc00000, 0x000000030cd00000, 0x000000030cd00000|100%|HC|  |TAMS 0x000000030cc00000| PB 0x000000030cc00000| Complete  |  0
|  197|0x000000030cd00000, 0x000000030ce00000, 0x000000030ce00000|100%|HC|  |TAMS 0x000000030cd00000| PB 0x000000030cd00000| Complete  |  0
|  198|0x000000030ce00000, 0x000000030cf00000, 0x000000030cf00000|100%|HC|  |TAMS 0x000000030ce00000| PB 0x000000030ce00000| Complete  |  0
|  199|0x000000030cf00000, 0x000000030d000000, 0x000000030d000000|100%|HC|  |TAMS 0x000000030cf00000| PB 0x000000030cf00000| Complete  |  0
|  200|0x000000030d000000, 0x000000030d100000, 0x000000030d100000|100%|HC|  |TAMS 0x000000030d000000| PB 0x000000030d000000| Complete  |  0
|  201|0x000000030d100000, 0x000000030d200000, 0x000000030d200000|100%|HC|  |TAMS 0x000000030d100000| PB 0x000000030d100000| Complete  |  0
|  202|0x000000030d200000, 0x000000030d300000, 0x000000030d300000|100%|HC|  |TAMS 0x000000030d200000| PB 0x000000030d200000| Complete  |  0
|  203|0x000000030d300000, 0x000000030d400000, 0x000000030d400000|100%|HC|  |TAMS 0x000000030d300000| PB 0x000000030d300000| Complete  |  0
|  204|0x000000030d400000, 0x000000030d500000, 0x000000030d500000|100%|HC|  |TAMS 0x000000030d400000| PB 0x000000030d400000| Complete  |  0
|  205|0x000000030d500000, 0x000000030d600000, 0x000000030d600000|100%|HS|  |TAMS 0x000000030d500000| PB 0x000000030d500000| Complete  |  0
|  206|0x000000030d600000, 0x000000030d700000, 0x000000030d700000|100%|HC|  |TAMS 0x000000030d600000| PB 0x000000030d600000| Complete  |  0
|  207|0x000000030d700000, 0x000000030d800000, 0x000000030d800000|100%|HC|  |TAMS 0x000000030d700000| PB 0x000000030d700000| Complete  |  0
|  208|0x000000030d800000, 0x000000030d900000, 0x000000030d900000|100%|HC|  |TAMS 0x000000030d800000| PB 0x000000030d800000| Complete  |  0
|  209|0x000000030d900000, 0x000000030da00000, 0x000000030da00000|100%|HC|  |TAMS 0x000000030d900000| PB 0x000000030d900000| Complete  |  0
|  210|0x000000030da00000, 0x000000030db00000, 0x000000030db00000|100%|HC|  |TAMS 0x000000030da00000| PB 0x000000030da00000| Complete  |  0
|  211|0x000000030db00000, 0x000000030dc00000, 0x000000030dc00000|100%|HC|  |TAMS 0x000000030db00000| PB 0x000000030db00000| Complete  |  0
|  212|0x000000030dc00000, 0x000000030dd00000, 0x000000030dd00000|100%|HC|  |TAMS 0x000000030dc00000| PB 0x000000030dc00000| Complete  |  0
|  213|0x000000030dd00000, 0x000000030de00000, 0x000000030de00000|100%|HC|  |TAMS 0x000000030dd00000| PB 0x000000030dd00000| Complete  |  0
|  214|0x000000030de00000, 0x000000030df00000, 0x000000030df00000|100%|HC|  |TAMS 0x000000030de00000| PB 0x000000030de00000| Complete  |  0
|  215|0x000000030df00000, 0x000000030e000000, 0x000000030e000000|100%|HC|  |TAMS 0x000000030df00000| PB 0x000000030df00000| Complete  |  0
|  216|0x000000030e000000, 0x000000030e100000, 0x000000030e100000|100%|HC|  |TAMS 0x000000030e000000| PB 0x000000030e000000| Complete  |  0
|  217|0x000000030e100000, 0x000000030e200000, 0x000000030e200000|100%|HC|  |TAMS 0x000000030e100000| PB 0x000000030e100000| Complete  |  0
|  218|0x000000030e200000, 0x000000030e300000, 0x000000030e300000|100%|HC|  |TAMS 0x000000030e200000| PB 0x000000030e200000| Complete  |  0
|  219|0x000000030e300000, 0x000000030e400000, 0x000000030e400000|100%|HC|  |TAMS 0x000000030e300000| PB 0x000000030e300000| Complete  |  0
|  220|0x000000030e400000, 0x000000030e500000, 0x000000030e500000|100%|HC|  |TAMS 0x000000030e400000| PB 0x000000030e400000| Complete  |  0
|  221|0x000000030e500000, 0x000000030e600000, 0x000000030e600000|100%|HC|  |TAMS 0x000000030e500000| PB 0x000000030e500000| Complete  |  0
|  222|0x000000030e600000, 0x000000030e700000, 0x000000030e700000|100%|HC|  |TAMS 0x000000030e600000| PB 0x000000030e600000| Complete  |  0
|  223|0x000000030e700000, 0x000000030e800000, 0x000000030e800000|100%|HC|  |TAMS 0x000000030e700000| PB 0x000000030e700000| Complete  |  0
|  224|0x000000030e800000, 0x000000030e900000, 0x000000030e900000|100%|HC|  |TAMS 0x000000030e800000| PB 0x000000030e800000| Complete  |  0
|  225|0x000000030e900000, 0x000000030ea00000, 0x000000030ea00000|100%|HC|  |TAMS 0x000000030e900000| PB 0x000000030e900000| Complete  |  0
|  226|0x000000030ea00000, 0x000000030eb00000, 0x000000030eb00000|100%|HC|  |TAMS 0x000000030ea00000| PB 0x000000030ea00000| Complete  |  0
|  227|0x000000030eb00000, 0x000000030ec00000, 0x000000030ec00000|100%|HC|  |TAMS 0x000000030eb00000| PB 0x000000030eb00000| Complete  |  0
|  228|0x000000030ec00000, 0x000000030ed00000, 0x000000030ed00000|100%|HC|  |TAMS 0x000000030ec00000| PB 0x000000030ec00000| Complete  |  0
|  229|0x000000030ed00000, 0x000000030ee00000, 0x000000030ee00000|100%|HC|  |TAMS 0x000000030ed00000| PB 0x000000030ed00000| Complete  |  0
|  230|0x000000030ee00000, 0x000000030ef00000, 0x000000030ef00000|100%|HC|  |TAMS 0x000000030ee00000| PB 0x000000030ee00000| Complete  |  0
|  231|0x000000030ef00000, 0x000000030f000000, 0x000000030f000000|100%|HC|  |TAMS 0x000000030ef00000| PB 0x000000030ef00000| Complete  |  0
|  232|0x000000030f000000, 0x000000030f100000, 0x000000030f100000|100%|HC|  |TAMS 0x000000030f000000| PB 0x000000030f000000| Complete  |  0
|  233|0x000000030f100000, 0x000000030f200000, 0x000000030f200000|100%|HC|  |TAMS 0x000000030f100000| PB 0x000000030f100000| Complete  |  0
|  234|0x000000030f200000, 0x000000030f300000, 0x000000030f300000|100%|HC|  |TAMS 0x000000030f200000| PB 0x000000030f200000| Complete  |  0
|  235|0x000000030f300000, 0x000000030f400000, 0x000000030f400000|100%|HC|  |TAMS 0x000000030f300000| PB 0x000000030f300000| Complete  |  0
|  236|0x000000030f400000, 0x000000030f500000, 0x000000030f500000|100%|HC|  |TAMS 0x000000030f400000| PB 0x000000030f400000| Complete  |  0
|  237|0x000000030f500000, 0x000000030f600000, 0x000000030f600000|100%|HC|  |TAMS 0x000000030f500000| PB 0x000000030f500000| Complete  |  0
|  238|0x000000030f600000, 0x000000030f700000, 0x000000030f700000|100%|HC|  |TAMS 0x000000030f600000| PB 0x000000030f600000| Complete  |  0
|  239|0x000000030f700000, 0x000000030f800000, 0x000000030f800000|100%|HC|  |TAMS 0x000000030f700000| PB 0x000000030f700000| Complete  |  0
|  240|0x000000030f800000, 0x000000030f900000, 0x000000030f900000|100%|HC|  |TAMS 0x000000030f800000| PB 0x000000030f800000| Complete  |  0
|  241|0x000000030f900000, 0x000000030fa00000, 0x000000030fa00000|100%|HC|  |TAMS 0x000000030f900000| PB 0x000000030f900000| Complete  |  0
|  242|0x000000030fa00000, 0x000000030fb00000, 0x000000030fb00000|100%|HC|  |TAMS 0x000000030fa00000| PB 0x000000030fa00000| Complete  |  0
|  243|0x000000030fb00000, 0x000000030fc00000, 0x000000030fc00000|100%|HC|  |TAMS 0x000000030fb00000| PB 0x000000030fb00000| Complete  |  0
|  244|0x000000030fc00000, 0x000000030fd00000, 0x000000030fd00000|100%|HC|  |TAMS 0x000000030fc00000| PB 0x000000030fc00000| Complete  |  0
|  245|0x000000030fd00000, 0x000000030fe00000, 0x000000030fe00000|100%|HC|  |TAMS 0x000000030fd00000| PB 0x000000030fd00000| Complete  |  0
|  246|0x000000030fe00000, 0x000000030ff00000, 0x000000030ff00000|100%|HC|  |TAMS 0x000000030fe00000| PB 0x000000030fe00000| Complete  |  0
|  247|0x000000030ff00000, 0x0000000310000000, 0x0000000310000000|100%|HC|  |TAMS 0x000000030ff00000| PB 0x000000030ff00000| Complete  |  0
|  248|0x0000000310000000, 0x0000000310100000, 0x0000000310100000|100%|HC|  |TAMS 0x0000000310000000| PB 0x0000000310000000| Complete  |  0
|  249|0x0000000310100000, 0x0000000310200000, 0x0000000310200000|100%|HC|  |TAMS 0x0000000310100000| PB 0x0000000310100000| Complete  |  0
|  250|0x0000000310200000, 0x0000000310300000, 0x0000000310300000|100%|HC|  |TAMS 0x0000000310200000| PB 0x0000000310200000| Complete  |  0
|  251|0x0000000310300000, 0x0000000310400000, 0x0000000310400000|100%|HC|  |TAMS 0x0000000310300000| PB 0x0000000310300000| Complete  |  0
|  252|0x0000000310400000, 0x0000000310500000, 0x0000000310500000|100%|HC|  |TAMS 0x0000000310400000| PB 0x0000000310400000| Complete  |  0
|  253|0x0000000310500000, 0x0000000310600000, 0x0000000310600000|100%|HC|  |TAMS 0x0000000310500000| PB 0x0000000310500000| Complete  |  0
|  254|0x0000000310600000, 0x0000000310700000, 0x0000000310700000|100%|HC|  |TAMS 0x0000000310600000| PB 0x0000000310600000| Complete  |  0
|  255|0x0000000310700000, 0x0000000310800000, 0x0000000310800000|100%|HC|  |TAMS 0x0000000310700000| PB 0x0000000310700000| Complete  |  0
|  256|0x0000000310800000, 0x0000000310900000, 0x0000000310900000|100%|HC|  |TAMS 0x0000000310800000| PB 0x0000000310800000| Complete  |  0
|  257|0x0000000310900000, 0x0000000310a00000, 0x0000000310a00000|100%|HC|  |TAMS 0x0000000310900000| PB 0x0000000310900000| Complete  |  0
|  258|0x0000000310a00000, 0x0000000310b00000, 0x0000000310b00000|100%|HC|  |TAMS 0x0000000310a00000| PB 0x0000000310a00000| Complete  |  0
|  259|0x0000000310b00000, 0x0000000310c00000, 0x0000000310c00000|100%|HC|  |TAMS 0x0000000310b00000| PB 0x0000000310b00000| Complete  |  0
|  260|0x0000000310c00000, 0x0000000310d00000, 0x0000000310d00000|100%|HC|  |TAMS 0x0000000310c00000| PB 0x0000000310c00000| Complete  |  0
|  261|0x0000000310d00000, 0x0000000310e00000, 0x0000000310e00000|100%|HC|  |TAMS 0x0000000310d00000| PB 0x0000000310d00000| Complete  |  0
|  262|0x0000000310e00000, 0x0000000310f00000, 0x0000000310f00000|100%|HC|  |TAMS 0x0000000310e00000| PB 0x0000000310e00000| Complete  |  0
|  263|0x0000000310f00000, 0x0000000311000000, 0x0000000311000000|100%|HC|  |TAMS 0x0000000310f00000| PB 0x0000000310f00000| Complete  |  0
|  264|0x0000000311000000, 0x0000000311100000, 0x0000000311100000|100%|HC|  |TAMS 0x0000000311000000| PB 0x0000000311000000| Complete  |  0
|  265|0x0000000311100000, 0x0000000311200000, 0x0000000311200000|100%|HC|  |TAMS 0x0000000311100000| PB 0x0000000311100000| Complete  |  0
|  266|0x0000000311200000, 0x0000000311300000, 0x0000000311300000|100%|HS|  |TAMS 0x0000000311200000| PB 0x0000000311200000| Complete  |  0
|  267|0x0000000311300000, 0x0000000311400000, 0x0000000311400000|100%|HC|  |TAMS 0x0000000311300000| PB 0x0000000311300000| Complete  |  0
|  268|0x0000000311400000, 0x0000000311500000, 0x0000000311500000|100%|HC|  |TAMS 0x0000000311400000| PB 0x0000000311400000| Complete  |  0
|  269|0x0000000311500000, 0x0000000311600000, 0x0000000311600000|100%|HC|  |TAMS 0x0000000311500000| PB 0x0000000311500000| Complete  |  0
|  270|0x0000000311600000, 0x0000000311700000, 0x0000000311700000|100%|HC|  |TAMS 0x0000000311600000| PB 0x0000000311600000| Complete  |  0
|  271|0x0000000311700000, 0x0000000311800000, 0x0000000311800000|100%|HC|  |TAMS 0x0000000311700000| PB 0x0000000311700000| Complete  |  0
|  272|0x0000000311800000, 0x0000000311900000, 0x0000000311900000|100%|HC|  |TAMS 0x0000000311800000| PB 0x0000000311800000| Complete  |  0
|  273|0x0000000311900000, 0x0000000311a00000, 0x0000000311a00000|100%|HC|  |TAMS 0x0000000311900000| PB 0x0000000311900000| Complete  |  0
|  274|0x0000000311a00000, 0x0000000311b00000, 0x0000000311b00000|100%|HC|  |TAMS 0x0000000311a00000| PB 0x0000000311a00000| Complete  |  0
|  275|0x0000000311b00000, 0x0000000311c00000, 0x0000000311c00000|100%|HC|  |TAMS 0x0000000311b00000| PB 0x0000000311b00000| Complete  |  0
|  276|0x0000000311c00000, 0x0000000311d00000, 0x0000000311d00000|100%|HC|  |TAMS 0x0000000311c00000| PB 0x0000000311c00000| Complete  |  0
|  277|0x0000000311d00000, 0x0000000311e00000, 0x0000000311e00000|100%|HC|  |TAMS 0x0000000311d00000| PB 0x0000000311d00000| Complete  |  0
|  278|0x0000000311e00000, 0x0000000311f00000, 0x0000000311f00000|100%|HC|  |TAMS 0x0000000311e00000| PB 0x0000000311e00000| Complete  |  0
|  279|0x0000000311f00000, 0x0000000312000000, 0x0000000312000000|100%|HC|  |TAMS 0x0000000311f00000| PB 0x0000000311f00000| Complete  |  0
|  280|0x0000000312000000, 0x0000000312100000, 0x0000000312100000|100%|HC|  |TAMS 0x0000000312000000| PB 0x0000000312000000| Complete  |  0
|  281|0x0000000312100000, 0x0000000312200000, 0x0000000312200000|100%|HC|  |TAMS 0x0000000312100000| PB 0x0000000312100000| Complete  |  0
|  282|0x0000000312200000, 0x0000000312300000, 0x0000000312300000|100%|HC|  |TAMS 0x0000000312200000| PB 0x0000000312200000| Complete  |  0
|  283|0x0000000312300000, 0x0000000312400000, 0x0000000312400000|100%|HC|  |TAMS 0x0000000312300000| PB 0x0000000312300000| Complete  |  0
|  284|0x0000000312400000, 0x0000000312500000, 0x0000000312500000|100%|HC|  |TAMS 0x0000000312400000| PB 0x0000000312400000| Complete  |  0
|  285|0x0000000312500000, 0x0000000312600000, 0x0000000312600000|100%|HC|  |TAMS 0x0000000312500000| PB 0x0000000312500000| Complete  |  0
|  286|0x0000000312600000, 0x0000000312700000, 0x0000000312700000|100%|HC|  |TAMS 0x0000000312600000| PB 0x0000000312600000| Complete  |  0
|  287|0x0000000312700000, 0x0000000312800000, 0x0000000312800000|100%|HC|  |TAMS 0x0000000312700000| PB 0x0000000312700000| Complete  |  0
|  288|0x0000000312800000, 0x0000000312900000, 0x0000000312900000|100%|HC|  |TAMS 0x0000000312800000| PB 0x0000000312800000| Complete  |  0
|  289|0x0000000312900000, 0x0000000312a00000, 0x0000000312a00000|100%|HC|  |TAMS 0x0000000312900000| PB 0x0000000312900000| Complete  |  0
|  290|0x0000000312a00000, 0x0000000312b00000, 0x0000000312b00000|100%|HC|  |TAMS 0x0000000312a00000| PB 0x0000000312a00000| Complete  |  0
|  291|0x0000000312b00000, 0x0000000312c00000, 0x0000000312c00000|100%|HC|  |TAMS 0x0000000312b00000| PB 0x0000000312b00000| Complete  |  0
|  292|0x0000000312c00000, 0x0000000312d00000, 0x0000000312d00000|100%|HC|  |TAMS 0x0000000312c00000| PB 0x0000000312c00000| Complete  |  0
|  293|0x0000000312d00000, 0x0000000312e00000, 0x0000000312e00000|100%|HC|  |TAMS 0x0000000312d00000| PB 0x0000000312d00000| Complete  |  0
|  294|0x0000000312e00000, 0x0000000312f00000, 0x0000000312f00000|100%|HC|  |TAMS 0x0000000312e00000| PB 0x0000000312e00000| Complete  |  0
|  295|0x0000000312f00000, 0x0000000313000000, 0x0000000313000000|100%|HC|  |TAMS 0x0000000312f00000| PB 0x0000000312f00000| Complete  |  0
|  296|0x0000000313000000, 0x0000000313100000, 0x0000000313100000|100%|HC|  |TAMS 0x0000000313000000| PB 0x0000000313000000| Complete  |  0
|  297|0x0000000313100000, 0x0000000313200000, 0x0000000313200000|100%|HC|  |TAMS 0x0000000313100000| PB 0x0000000313100000| Complete  |  0
|  298|0x0000000313200000, 0x0000000313300000, 0x0000000313300000|100%|HC|  |TAMS 0x0000000313200000| PB 0x0000000313200000| Complete  |  0
|  299|0x0000000313300000, 0x0000000313400000, 0x0000000313400000|100%|HC|  |TAMS 0x0000000313300000| PB 0x0000000313300000| Complete  |  0
|  300|0x0000000313400000, 0x0000000313500000, 0x0000000313500000|100%|HC|  |TAMS 0x0000000313400000| PB 0x0000000313400000| Complete  |  0
|  301|0x0000000313500000, 0x0000000313600000, 0x0000000313600000|100%|HC|  |TAMS 0x0000000313500000| PB 0x0000000313500000| Complete  |  0
|  302|0x0000000313600000, 0x0000000313700000, 0x0000000313700000|100%|HC|  |TAMS 0x0000000313600000| PB 0x0000000313600000| Complete  |  0
|  303|0x0000000313700000, 0x0000000313800000, 0x0000000313800000|100%|HC|  |TAMS 0x0000000313700000| PB 0x0000000313700000| Complete  |  0
|  304|0x0000000313800000, 0x0000000313900000, 0x0000000313900000|100%|HC|  |TAMS 0x0000000313800000| PB 0x0000000313800000| Complete  |  0
|  305|0x0000000313900000, 0x0000000313a00000, 0x0000000313a00000|100%|HC|  |TAMS 0x0000000313900000| PB 0x0000000313900000| Complete  |  0
|  306|0x0000000313a00000, 0x0000000313b00000, 0x0000000313b00000|100%|HC|  |TAMS 0x0000000313a00000| PB 0x0000000313a00000| Complete  |  0
|  307|0x0000000313b00000, 0x0000000313c00000, 0x0000000313c00000|100%|HC|  |TAMS 0x0000000313b00000| PB 0x0000000313b00000| Complete  |  0
|  308|0x0000000313c00000, 0x0000000313d00000, 0x0000000313d00000|100%|HC|  |TAMS 0x0000000313c00000| PB 0x0000000313c00000| Complete  |  0
|  309|0x0000000313d00000, 0x0000000313e00000, 0x0000000313e00000|100%|HC|  |TAMS 0x0000000313d00000| PB 0x0000000313d00000| Complete  |  0
|  310|0x0000000313e00000, 0x0000000313f00000, 0x0000000313f00000|100%|HC|  |TAMS 0x0000000313e00000| PB 0x0000000313e00000| Complete  |  0
|  311|0x0000000313f00000, 0x0000000314000000, 0x0000000314000000|100%|HC|  |TAMS 0x0000000313f00000| PB 0x0000000313f00000| Complete  |  0
|  312|0x0000000314000000, 0x0000000314100000, 0x0000000314100000|100%|HC|  |TAMS 0x0000000314000000| PB 0x0000000314000000| Complete  |  0
|  313|0x0000000314100000, 0x0000000314200000, 0x0000000314200000|100%|HC|  |TAMS 0x0000000314100000| PB 0x0000000314100000| Complete  |  0
|  314|0x0000000314200000, 0x0000000314300000, 0x0000000314300000|100%|HC|  |TAMS 0x0000000314200000| PB 0x0000000314200000| Complete  |  0
|  315|0x0000000314300000, 0x0000000314400000, 0x0000000314400000|100%|HC|  |TAMS 0x0000000314300000| PB 0x0000000314300000| Complete  |  0
|  316|0x0000000314400000, 0x0000000314500000, 0x0000000314500000|100%|HC|  |TAMS 0x0000000314400000| PB 0x0000000314400000| Complete  |  0
|  317|0x0000000314500000, 0x0000000314600000, 0x0000000314600000|100%|HC|  |TAMS 0x0000000314500000| PB 0x0000000314500000| Complete  |  0
|  318|0x0000000314600000, 0x0000000314700000, 0x0000000314700000|100%|HC|  |TAMS 0x0000000314600000| PB 0x0000000314600000| Complete  |  0
|  319|0x0000000314700000, 0x0000000314800000, 0x0000000314800000|100%|HC|  |TAMS 0x0000000314700000| PB 0x0000000314700000| Complete  |  0
|  320|0x0000000314800000, 0x0000000314900000, 0x0000000314900000|100%|HC|  |TAMS 0x0000000314800000| PB 0x0000000314800000| Complete  |  0
|  321|0x0000000314900000, 0x0000000314a00000, 0x0000000314a00000|100%|HC|  |TAMS 0x0000000314900000| PB 0x0000000314900000| Complete  |  0
|  322|0x0000000314a00000, 0x0000000314b00000, 0x0000000314b00000|100%|HC|  |TAMS 0x0000000314a00000| PB 0x0000000314a00000| Complete  |  0
|  323|0x0000000314b00000, 0x0000000314c00000, 0x0000000314c00000|100%|HC|  |TAMS 0x0000000314b00000| PB 0x0000000314b00000| Complete  |  0
|  324|0x0000000314c00000, 0x0000000314d00000, 0x0000000314d00000|100%|HC|  |TAMS 0x0000000314c00000| PB 0x0000000314c00000| Complete  |  0
|  325|0x0000000314d00000, 0x0000000314e00000, 0x0000000314e00000|100%|HC|  |TAMS 0x0000000314d00000| PB 0x0000000314d00000| Complete  |  0
|  326|0x0000000314e00000, 0x0000000314f00000, 0x0000000314f00000|100%|HC|  |TAMS 0x0000000314e00000| PB 0x0000000314e00000| Complete  |  0
|  327|0x0000000314f00000, 0x0000000315000000, 0x0000000315000000|100%|HS|  |TAMS 0x0000000314f00000| PB 0x0000000314f00000| Complete  |  0
|  328|0x0000000315000000, 0x0000000315100000, 0x0000000315100000|100%|HC|  |TAMS 0x0000000315000000| PB 0x0000000315000000| Complete  |  0
|  329|0x0000000315100000, 0x0000000315200000, 0x0000000315200000|100%|HC|  |TAMS 0x0000000315100000| PB 0x0000000315100000| Complete  |  0
|  330|0x0000000315200000, 0x0000000315300000, 0x0000000315300000|100%|HC|  |TAMS 0x0000000315200000| PB 0x0000000315200000| Complete  |  0
|  331|0x0000000315300000, 0x0000000315400000, 0x0000000315400000|100%|HC|  |TAMS 0x0000000315300000| PB 0x0000000315300000| Complete  |  0
|  332|0x0000000315400000, 0x0000000315500000, 0x0000000315500000|100%| S|CS|TAMS 0x0000000315400000| PB 0x0000000315400000| Complete  |  0
|  333|0x0000000315500000, 0x00000003155a1238, 0x0000000315600000| 62%| S|CS|TAMS 0x0000000315500000| PB 0x0000000315500000| Complete  |  0
| 2044|0x0000000380400000, 0x000000038043b420, 0x0000000380500000| 23%| O|  |TAMS 0x0000000380400000| PB 0x0000000380400000| Untracked |  0
| 2045|0x0000000380500000, 0x0000000380600000, 0x0000000380600000|100%| O|Cm|TAMS 0x0000000380500000| PB 0x0000000380500000| Complete  |  0
| 2046|0x0000000380600000, 0x0000000380700000, 0x0000000380700000|100%| O|  |TAMS 0x0000000380600000| PB 0x0000000380600000| Untracked |  0
| 2047|0x0000000380700000, 0x0000000380800000, 0x0000000380800000|100%| E|CS|TAMS 0x0000000380700000| PB 0x0000000380700000| Complete  |  0

Card table byte_map: [0x0000000105398000,0x0000000105798000] _byte_map_base: 0x0000000103b94000
Refinement table byte_map: [0x0000000105798000,0x0000000105b98000] _byte_map_base: 0x0000000103f94000

Marking Bits: (CMBitMap*) 0x00000001009edb10
 Bits: [0x000000011ed04000, 0x0000000120d04000)

Polling page: 0x0000000100128000

Metaspace:
Metaspace        used 25623K, committed 25984K, reserved 1114112K
 class space     used 3440K, committed 3584K, reserved 1048576K

Usage:
  Non-class:     21.66 MB used.
      Class:      3.36 MB used.
       Both:     25.02 MB used.

Virtual space:
  Non-class space:       64.00 MB reserved,      21.88 MB ( 34%) committed,  1 nodes.
      Class space:        1.00 GB reserved,       3.50 MB ( <1%) committed,  1 nodes.
             Both:        1.06 GB reserved,      25.38 MB (  2%) committed. 

Chunk freelists:
   Non-Class:  9.55 MB
       Class:  12.48 MB
        Both:  22.02 MB

MaxMetaspaceSize: unlimited
CompressedClassSpaceSize: 1.00 GB
Initial GC threshold: 21.00 MB
Current GC threshold: 35.94 MB
CDS: on
 - commit_granule_bytes: 65536.
 - commit_granule_words: 8192.
 - virtual_space_node_default_size: 8388608.
 - enlarge_chunks_in_place: 1.
UseCompressedClassPointers 1, UseCompactObjectHeaders 0
Narrow klass pointer bits 32, Max shift 3
Narrow klass base: 0x0000030000000000, Narrow klass shift: 0
Encoding Range: [0x0000030000000000 - 0x0000030100000000), (4294967296 bytes)
Klass Range:    [0x0000030000000000 - 0x0000030041000000), (1090519040 bytes)
Klass ID Range:  [8 - 1090519033) (1090519025)
Protection zone: [0x0000030000000000 - 0x0000030000004000), (16384 bytes)


Internal statistics:

num_allocs_failed_limit: 0.
num_arena_births: 326.
num_arena_deaths: 2.
num_vsnodes_births: 2.
num_vsnodes_deaths: 0.
num_space_committed: 406.
num_space_uncommitted: 0.
num_chunks_returned_to_freelist: 2.
num_chunks_taken_from_freelist: 986.
num_chunk_merges: 0.
num_chunk_splits: 687.
num_chunks_enlarged: 538.
num_inconsistent_stats: 0.

CodeHeap 'non-profiled nmethods': size=120032Kb used=1446Kb max_used=1446Kb free=118585Kb
 bounds [0x00000001177cc000, 0x0000000117a3c000, 0x000000011ed04000]
CodeHeap 'profiled nmethods': size=120032Kb used=8550Kb max_used=8550Kb free=111481Kb
 bounds [0x000000010fd00000, 0x0000000110560000, 0x0000000117238000]
CodeHeap 'non-nmethods': size=5712Kb used=1706Kb max_used=1757Kb free=4005Kb
 bounds [0x0000000117238000, 0x00000001174a8000, 0x00000001177cc000]
CodeCache: size=245776Kb, used=11702Kb, max_used=11753Kb, free=234071Kb
 total_blobs=6285, nmethods=5317, adapters=874, full_count=0
Compilation: enabled, stopped_count=0, restarted_count=0

Compilation events (20 events):
Event: 43.655 Thread 0x0000000a90cade00 5786       4       com.sun.javafx.event.EventHandlerManager::dispatchBubblingEvent (23 bytes)
Event: 43.661 Thread 0x0000000a90cae800 5787       3       java.lang.invoke.MethodHandleImpl::makePairwiseConvertByEditor (617 bytes)
Event: 43.666 Thread 0x0000000a90cae800 nmethod 5787 0x0000000110552688 code [0x0000000110552780, 0x00000001105582b8]
Event: 43.666 Thread 0x0000000a90cae800 5789       3       com.sun.javafx.scene.control.LabeledText$1::getStyleableProperty (9 bytes)
Event: 43.666 Thread 0x0000000a90cae800 nmethod 5789 0x0000000110558308 code [0x0000000110558400, 0x00000001105586a8]
Event: 43.666 Thread 0x0000000a90cae800 5790       3       com.sun.javafx.scene.control.LabeledText$1::getStyleableProperty (5 bytes)
Event: 43.666 Thread 0x0000000a90cae800 nmethod 5790 0x00000001105586c8 code [0x00000001105587c0, 0x0000000110558938]
Event: 43.666 Thread 0x0000000a90cae800 5791       3       com.sun.javafx.scene.control.LabeledText::fontMirror (53 bytes)
Event: 43.667 Thread 0x0000000a90cae800 nmethod 5791 0x0000000110558948 code [0x0000000110558a40, 0x0000000110559110]
Event: 43.667 Thread 0x0000000a90cae800 5792       3       com.sun.javafx.scene.control.LabeledText$StyleablePropertyMirror::getStyleOrigin (10 bytes)
Event: 43.667 Thread 0x0000000a90cae800 nmethod 5792 0x0000000110559148 code [0x0000000110559240, 0x0000000110559440]
Event: 43.670 Thread 0x0000000a90cade00 nmethod 5786 0x0000000117934d48 code [0x0000000117934e40, 0x00000001179356c8]
Event: 43.670 Thread 0x0000000a90cade00 5788       4       java.lang.Integer::numberOfLeadingZeros (78 bytes)
Event: 43.670 Thread 0x0000000a90cade00 nmethod 5788 0x0000000117935708 code [0x0000000117935800, 0x00000001179358c8]
Event: 43.712 Thread 0x0000000a90cae800 5793       3       javafx.scene.Parent::setNeedsLayout (110 bytes)
Event: 43.712 Thread 0x0000000a90cae800 nmethod 5793 0x0000000110559488 code [0x0000000110559580, 0x000000011055a010]
Event: 44.335 Thread 0x0000000a90cae800 5794       3       java.util.ArrayDeque::remove (5 bytes)
Event: 44.335 Thread 0x0000000a90cae800 nmethod 5794 0x000000011055a048 code [0x000000011055a140, 0x000000011055a410]
Event: 44.340 Thread 0x0000000a90cae800 5795       3       java.util.concurrent.ConcurrentHashMap$KeyIterator::next (34 bytes)
Event: 44.341 Thread 0x0000000a90cae800 nmethod 5795 0x000000011055a448 code [0x000000011055a540, 0x000000011055a870]

GC Heap Usage History (20 events):
Event: 2.846 {heap Before GC invocations=14 (full 0):
 garbage-first heap   total reserved 2097152K, committed 15360K, used 12986K [0x0000000300800000, 0x0000000380800000)
  region size 1M, 4 eden (4M), 1 survivor (1M), 8 old (8M), 0 humongous (0M), 2 free (2M)
}
Event: 2.848 {heap After GC invocations=15 (full 0):
 garbage-first heap   total reserved 2097152K, committed 16384K, used 9292K [0x0000000300800000, 0x0000000380800000)
  region size 1M, 0 eden (0M), 1 survivor (1M), 9 old (9M), 0 humongous (0M), 6 free (6M)
}
Event: 2.879 {heap Before GC invocations=15 (full 0):
 garbage-first heap   total reserved 2097152K, committed 16384K, used 13388K [0x0000000300800000, 0x0000000380800000)
  region size 1M, 4 eden (4M), 1 survivor (1M), 9 old (9M), 0 humongous (0M), 2 free (2M)
}
Event: 2.881 {heap After GC invocations=16 (full 0):
 garbage-first heap   total reserved 2097152K, committed 16384K, used 9834K [0x0000000300800000, 0x0000000380800000)
  region size 1M, 0 eden (0M), 1 survivor (1M), 9 old (9M), 0 humongous (0M), 6 free (6M)
}
Event: 3.058 {heap Before GC invocations=17 (full 0):
 garbage-first heap   total reserved 2097152K, committed 16384K, used 13930K [0x0000000300800000, 0x0000000380800000)
  region size 1M, 4 eden (4M), 1 survivor (1M), 9 old (9M), 0 humongous (0M), 2 free (2M)
}
Event: 3.059 {heap After GC invocations=18 (full 0):
 garbage-first heap   total reserved 2097152K, committed 16384K, used 10456K [0x0000000300800000, 0x0000000380800000)
  region size 1M, 0 eden (0M), 1 survivor (1M), 10 old (10M), 0 humongous (0M), 5 free (5M)
}
Event: 6.501 {heap Before GC invocations=18 (full 0):
 garbage-first heap   total reserved 2097152K, committed 16384K, used 13528K [0x0000000300800000, 0x0000000380800000)
  region size 1M, 3 eden (3M), 1 survivor (1M), 10 old (10M), 0 humongous (0M), 2 free (2M)
}
Event: 6.509 {heap After GC invocations=19 (full 0):
 garbage-first heap   total reserved 2097152K, committed 16384K, used 10640K [0x0000000300800000, 0x0000000380800000)
  region size 1M, 0 eden (0M), 1 survivor (1M), 10 old (10M), 0 humongous (0M), 5 free (5M)
}
Event: 16.009 {heap Before GC invocations=19 (full 0):
 garbage-first heap   total reserved 2097152K, committed 16384K, used 12688K [0x0000000300800000, 0x0000000380800000)
  region size 1M, 3 eden (3M), 1 survivor (1M), 10 old (10M), 0 humongous (0M), 2 free (2M)
}
Event: 16.011 {heap After GC invocations=20 (full 0):
 garbage-first heap   total reserved 2097152K, committed 16384K, used 10837K [0x0000000300800000, 0x0000000380800000)
  region size 1M, 0 eden (0M), 1 survivor (1M), 11 old (11M), 0 humongous (0M), 4 free (4M)
}
Event: 25.749 {heap Before GC invocations=21 (full 0):
 garbage-first heap   total reserved 2097152K, committed 16384K, used 10837K [0x0000000300800000, 0x0000000380800000)
  region size 1M, 1 eden (1M), 1 survivor (1M), 11 old (11M), 0 humongous (0M), 3 free (3M)
}
Event: 25.750 {heap After GC invocations=22 (full 0):
 garbage-first heap   total reserved 2097152K, committed 16384K, used 10876K [0x0000000300800000, 0x0000000380800000)
  region size 1M, 0 eden (0M), 1 survivor (1M), 11 old (11M), 0 humongous (0M), 4 free (4M)
}
Event: 25.789 {heap Before GC invocations=23 (full 0):
 garbage-first heap   total reserved 2097152K, committed 63488K, used 60028K [0x0000000300800000, 0x0000000380800000)
  region size 1M, 3 eden (3M), 1 survivor (1M), 11 old (11M), 46 humongous (46M), 1 free (1M)
}
Event: 25.790 {heap After GC invocations=24 (full 0):
 garbage-first heap   total reserved 2097152K, committed 63488K, used 57983K [0x0000000300800000, 0x0000000380800000)
  region size 1M, 0 eden (0M), 1 survivor (1M), 11 old (11M), 46 humongous (46M), 4 free (4M)
}
Event: 25.809 {heap Before GC invocations=24 (full 0):
 garbage-first heap   total reserved 2097152K, committed 63488K, used 60031K [0x0000000300800000, 0x0000000380800000)
  region size 1M, 3 eden (3M), 1 survivor (1M), 11 old (11M), 46 humongous (46M), 1 free (1M)
}
Event: 25.810 {heap After GC invocations=25 (full 0):
 garbage-first heap   total reserved 2097152K, committed 193536K, used 57883K [0x0000000300800000, 0x0000000380800000)
  region size 1M, 0 eden (0M), 1 survivor (1M), 11 old (11M), 46 humongous (46M), 131 free (131M)
}
Event: 26.073 {heap Before GC invocations=25 (full 0):
 garbage-first heap   total reserved 2097152K, committed 193536K, used 98843K [0x0000000300800000, 0x0000000380800000)
  region size 1M, 42 eden (42M), 1 survivor (1M), 11 old (11M), 46 humongous (46M), 89 free (89M)
}
Event: 26.074 {heap After GC invocations=26 (full 0):
 garbage-first heap   total reserved 2097152K, committed 193536K, used 57864K [0x0000000300800000, 0x0000000380800000)
  region size 1M, 0 eden (0M), 1 survivor (1M), 11 old (11M), 46 humongous (46M), 131 free (131M)
}
Event: 41.609 {heap Before GC invocations=27 (full 0):
 garbage-first heap   total reserved 2097152K, committed 344064K, used 342536K [0x0000000300800000, 0x0000000380800000)
  region size 1M, 20 eden (20M), 1 survivor (1M), 11 old (11M), 304 humongous (304M), 0 free (0M)
}
Event: 41.614 {heap After GC invocations=28 (full 0):
 garbage-first heap   total reserved 2097152K, committed 346112K, used 319345K [0x0000000300800000, 0x0000000380800000)
  region size 1M, 0 eden (0M), 2 survivor (2M), 11 old (11M), 300 humongous (300M), 25 free (25M)
}

Metaspace Usage History (20 events):
Event: 2.846 {metaspace Before GC invocations=14 (full 0):
 Metaspace       used 17347K, committed 17536K, reserved 1114112K
  class space    used 2555K, committed 2624K, reserved 1048576K
}
Event: 2.848 {metaspace After GC invocations=15 (full 0):
 Metaspace       used 17347K, committed 17536K, reserved 1114112K
  class space    used 2555K, committed 2624K, reserved 1048576K
}
Event: 2.879 {metaspace Before GC invocations=15 (full 0):
 Metaspace       used 17819K, committed 18048K, reserved 1114112K
  class space    used 2654K, committed 2752K, reserved 1048576K
}
Event: 2.881 {metaspace After GC invocations=16 (full 0):
 Metaspace       used 17819K, committed 18048K, reserved 1114112K
  class space    used 2654K, committed 2752K, reserved 1048576K
}
Event: 3.058 {metaspace Before GC invocations=17 (full 0):
 Metaspace       used 19141K, committed 19456K, reserved 1114112K
  class space    used 2854K, committed 3008K, reserved 1048576K
}
Event: 3.059 {metaspace After GC invocations=18 (full 0):
 Metaspace       used 19141K, committed 19456K, reserved 1114112K
  class space    used 2854K, committed 3008K, reserved 1048576K
}
Event: 6.501 {metaspace Before GC invocations=18 (full 0):
 Metaspace       used 19877K, committed 20160K, reserved 1114112K
  class space    used 2949K, committed 3072K, reserved 1048576K
}
Event: 6.509 {metaspace After GC invocations=19 (full 0):
 Metaspace       used 19877K, committed 20160K, reserved 1114112K
  class space    used 2949K, committed 3072K, reserved 1048576K
}
Event: 16.009 {metaspace Before GC invocations=19 (full 0):
 Metaspace       used 20411K, committed 20736K, reserved 1114112K
  class space    used 3015K, committed 3136K, reserved 1048576K
}
Event: 16.011 {metaspace After GC invocations=20 (full 0):
 Metaspace       used 20411K, committed 20736K, reserved 1114112K
  class space    used 3015K, committed 3136K, reserved 1048576K
}
Event: 25.749 {metaspace Before GC invocations=21 (full 0):
 Metaspace       used 21541K, committed 21760K, reserved 1114112K
  class space    used 3125K, committed 3200K, reserved 1048576K
}
Event: 25.750 {metaspace After GC invocations=22 (full 0):
 Metaspace       used 21541K, committed 21760K, reserved 1114112K
  class space    used 3125K, committed 3200K, reserved 1048576K
}
Event: 25.789 {metaspace Before GC invocations=23 (full 0):
 Metaspace       used 21723K, committed 21952K, reserved 1114112K
  class space    used 3137K, committed 3264K, reserved 1048576K
}
Event: 25.790 {metaspace After GC invocations=24 (full 0):
 Metaspace       used 21723K, committed 21952K, reserved 1114112K
  class space    used 3137K, committed 3264K, reserved 1048576K
}
Event: 25.809 {metaspace Before GC invocations=24 (full 0):
 Metaspace       used 21744K, committed 22016K, reserved 1114112K
  class space    used 3138K, committed 3264K, reserved 1048576K
}
Event: 25.810 {metaspace After GC invocations=25 (full 0):
 Metaspace       used 21744K, committed 22016K, reserved 1114112K
  class space    used 3138K, committed 3264K, reserved 1048576K
}
Event: 26.073 {metaspace Before GC invocations=25 (full 0):
 Metaspace       used 21807K, committed 22080K, reserved 1114112K
  class space    used 3141K, committed 3264K, reserved 1048576K
}
Event: 26.074 {metaspace After GC invocations=26 (full 0):
 Metaspace       used 21807K, committed 22080K, reserved 1114112K
  class space    used 3141K, committed 3264K, reserved 1048576K
}
Event: 41.609 {metaspace Before GC invocations=27 (full 0):
 Metaspace       used 25550K, committed 25856K, reserved 1114112K
  class space    used 3433K, committed 3584K, reserved 1048576K
}
Event: 41.614 {metaspace After GC invocations=28 (full 0):
 Metaspace       used 25550K, committed 25856K, reserved 1114112K
  class space    used 3433K, committed 3584K, reserved 1048576K
}

Dll operation events (20 events):
Event: 0.833 Attempting to load shared library /Users/apusmac/.m2/repository/org/openjfx/javafx-graphics/21.0.5/libglass.dylib
Event: 0.834 Loading shared library /Users/apusmac/.m2/repository/org/openjfx/javafx-graphics/21.0.5/libglass.dylib failed, dlopen(/Users/apusmac/.m2/repository/org/openjfx/javafx-graphics/21.0.5/libglass.dylib, 0x0001): tried: '/Users/apusmac/.m2/repository/org/openj
Event: 0.840 Attempting to load shared library /Users/apusmac/.openjfx/cache/21.0.5+1/aarch64/libglass.dylib
Event: 0.850 Loaded shared library /Users/apusmac/.openjfx/cache/21.0.5+1/aarch64/libglass.dylib
Event: 1.692 Attempting to load shared library /Users/apusmac/.m2/repository/org/openjfx/javafx-graphics/21.0.5/libjavafx_font.dylib
Event: 1.692 Loading shared library /Users/apusmac/.m2/repository/org/openjfx/javafx-graphics/21.0.5/libjavafx_font.dylib failed, dlopen(/Users/apusmac/.m2/repository/org/openjfx/javafx-graphics/21.0.5/libjavafx_font.dylib, 0x0001): tried: '/Users/apusmac/.m2/reposito
Event: 1.694 Attempting to load shared library /Users/apusmac/.openjfx/cache/21.0.5+1/aarch64/libjavafx_font.dylib
Event: 1.730 Loaded shared library /Users/apusmac/.openjfx/cache/21.0.5+1/aarch64/libjavafx_font.dylib
Event: 1.869 Attempting to load shared library /private/var/folders/6t/4h_wm5wd6cz893sv4_z_p6hw0000gn/T/sqlite-3.47.0.0-be87844e-fd08-408a-947b-41e20d6d5d4e-libsqlitejdbc.dylib
Event: 2.550 Loaded shared library /private/var/folders/6t/4h_wm5wd6cz893sv4_z_p6hw0000gn/T/sqlite-3.47.0.0-be87844e-fd08-408a-947b-41e20d6d5d4e-libsqlitejdbc.dylib
Event: 25.635 Attempting to load shared library /Users/apusmac/Library/Java/JavaVirtualMachines/openjdk-26.0.2.1/Contents/Home/lib/libawt.dylib
Event: 25.666 Loaded shared library /Users/apusmac/Library/Java/JavaVirtualMachines/openjdk-26.0.2.1/Contents/Home/lib/libawt.dylib
Event: 25.666 Attempting to load shared library /Users/apusmac/Library/Java/JavaVirtualMachines/openjdk-26.0.2.1/Contents/Home/lib/libawt_lwawt.dylib
Event: 25.707 Loaded shared library /Users/apusmac/Library/Java/JavaVirtualMachines/openjdk-26.0.2.1/Contents/Home/lib/libawt_lwawt.dylib
Event: 25.714 Attempting to load shared library /Users/apusmac/Library/Java/JavaVirtualMachines/openjdk-26.0.2.1/Contents/Home/lib/libjavajpeg.dylib
Event: 25.716 Loaded shared library /Users/apusmac/Library/Java/JavaVirtualMachines/openjdk-26.0.2.1/Contents/Home/lib/libjavajpeg.dylib
Event: 25.721 Attempting to load shared library /Users/apusmac/Library/Java/JavaVirtualMachines/openjdk-26.0.2.1/Contents/Home/lib/liblcms.dylib
Event: 25.737 Loaded shared library /Users/apusmac/Library/Java/JavaVirtualMachines/openjdk-26.0.2.1/Contents/Home/lib/liblcms.dylib
Event: 26.084 Attempting to load shared library /Users/apusmac/Library/Java/JavaVirtualMachines/openjdk-26.0.2.1/Contents/Home/lib/libfontmanager.dylib
Event: 26.114 Loaded shared library /Users/apusmac/Library/Java/JavaVirtualMachines/openjdk-26.0.2.1/Contents/Home/lib/libfontmanager.dylib

Deoptimization events (20 events):
Event: 43.070 Thread 0x0000000a90f46800 Uncommon trap: trap_request=0xffffff45 fr.pc=0x00000001178e588c relative=0x0000000000000bcc
Event: 43.070 Thread 0x0000000a90f46800 Uncommon trap: reason=unstable_if action=reinterpret pc=0x00000001178e588c method=javafx.scene.Node.intersectsBounds(Lcom/sun/javafx/geom/PickRay;)D @ 902 c2
Event: 43.070 Thread 0x0000000a90f46800 DEOPT PACKING pc=0x00000001178e588c sp=0x000000016fcfadc0
Event: 43.070 Thread 0x0000000a90f46800 DEOPT UNPACKING pc=0x000000011734a5dc sp=0x000000016fcfac60 mode 2
Event: 43.663 Thread 0x0000000a90f45800 DEOPT PACKING pc=0x00000001103c18f4 sp=0x0000000172996640
Event: 43.663 Thread 0x0000000a90f45800 DEOPT UNPACKING pc=0x00000001172753bc sp=0x0000000172996390 mode 3
Event: 43.704 Thread 0x0000000a90f46800 Uncommon trap: trap_request=0xffffff45 fr.pc=0x000000011790a54c relative=0x000000000000074c
Event: 43.704 Thread 0x0000000a90f46800 Uncommon trap: reason=unstable_if action=reinterpret pc=0x000000011790a54c method=com.sun.glass.ui.Timer.resume()V @ 6 c2
Event: 43.704 Thread 0x0000000a90f46800 DEOPT PACKING pc=0x000000011790a54c sp=0x000000016fcf8e90
Event: 43.704 Thread 0x0000000a90f46800 DEOPT UNPACKING pc=0x000000011734a5dc sp=0x000000016fcf8c50 mode 2
Event: 43.713 Thread 0x0000000a90f46800 Uncommon trap: trap_request=0xffffff45 fr.pc=0x0000000117934a7c relative=0x00000000000000fc
Event: 43.713 Thread 0x0000000a90f46800 Uncommon trap: reason=unstable_if action=reinterpret pc=0x0000000117934a7c method=java.util.concurrent.locks.ReentrantLock$Sync.tryRelease(I)Z @ 26 c2
Event: 43.713 Thread 0x0000000a90f46800 DEOPT PACKING pc=0x0000000117934a7c sp=0x000000016fcf8ab0
Event: 43.713 Thread 0x0000000a90f46800 DEOPT UNPACKING pc=0x000000011734a5dc sp=0x000000016fcf8a30 mode 2
Event: 44.338 Thread 0x0000000a90f47800 DEOPT PACKING pc=0x000000011038e190 sp=0x00000001733d25d0
Event: 44.338 Thread 0x0000000a90f47800 DEOPT UNPACKING pc=0x00000001172753bc sp=0x00000001733d22c0 mode 3
Event: 44.339 Thread 0x0000000a8eca4800 Uncommon trap: trap_request=0xffffffcc fr.pc=0x00000001179022c0 relative=0x00000000000002c0
Event: 44.339 Thread 0x0000000a8eca4800 Uncommon trap: reason=intrinsic_or_type_checked_inlining action=make_not_entrant pc=0x00000001179022c0 method=java.util.Arrays.copyOf([Ljava/lang/Object;ILjava/lang/Class;)[Ljava/lang/Object; @ 35 c2
Event: 44.339 Thread 0x0000000a8eca4800 DEOPT PACKING pc=0x00000001179022c0 sp=0x00000001729965c0
Event: 44.339 Thread 0x0000000a8eca4800 DEOPT UNPACKING pc=0x000000011734a5dc sp=0x0000000172996530 mode 2

Classes loaded (20 events):
Event: 26.150 Loading class sun/awt/image/ToolkitImage
Event: 26.150 Loading class sun/awt/image/ToolkitImage done
Event: 26.268 Loading class jdk/internal/util/DateTimeHelper
Event: 26.268 Loading class jdk/internal/util/DateTimeHelper done
Event: 26.282 Loading class sun/awt/AWTAutoShutdown
Event: 26.283 Loading class sun/awt/AWTAutoShutdown done
Event: 26.313 Loading class jdk/internal/ref/CleanerImpl$InnocuousThreadFactory
Event: 26.313 Loading class jdk/internal/ref/CleanerImpl$InnocuousThreadFactory done
Event: 26.316 Loading class sun/misc/Unsafe
Event: 26.317 Loading class sun/misc/Unsafe done
Event: 26.317 Loading class sun/misc/Unsafe$MemoryAccessOption
Event: 26.317 Loading class sun/misc/Unsafe$MemoryAccessOption done
Event: 26.320 Loading class sun/misc/Unsafe$StackWalkerHolder
Event: 26.320 Loading class sun/misc/Unsafe$StackWalkerHolder done
Event: 26.320 Loading class java/util/stream/SliceOps
Event: 26.320 Loading class java/util/stream/SliceOps done
Event: 26.320 Loading class java/util/stream/SliceOps$1
Event: 26.321 Loading class java/util/stream/SliceOps$1 done
Event: 26.321 Loading class java/util/stream/SliceOps$1$1
Event: 26.321 Loading class java/util/stream/SliceOps$1$1 done

Classes unloaded (1 events):
Event: 1.822 Thread 0x0000000a90cde800 Unloading class 0x0000030001048400 'java/lang/invoke/LambdaForm$DMH+0x0000030001048400'

Classes redefined (0 events):
No events

Internal exceptions (20 events):
Event: 6.571 Thread 0x0000000a90f47800 Exception <a 'java/lang/NoSuchMethodError'{0x00000003014c5e20}: 'java.lang.Object java.lang.invoke.DirectMethodHandle$Holder.invokeStaticInit(java.lang.Object, int)'> (0x00000003014c5e20) 
thrown [open/src/hotspot/share/interpreter/linkResolver.cpp, line 804]
Event: 15.689 Thread 0x0000000a90f46800 Implicit null exception at 0x00000001178815e0 to 0x0000000117881d34
Event: 25.634 Thread 0x0000000a90f46800 Exception <a 'java/lang/ClassNotFoundException'{0x00000003807d39e8}: sun/awt/resources/spi/awtProvider> (0x00000003807d39e8) 
thrown [open/src/hotspot/share/classfile/systemDictionary.cpp, line 330]
Event: 25.708 Thread 0x0000000a90f46800 Exception <a 'java/io/FileNotFoundException'{0x00000003807d68e8}> (0x00000003807d68e8) 
thrown [open/src/hotspot/share/prims/jni.cpp, line 514]
Event: 25.708 Thread 0x0000000a90f46800 Exception <a 'java/io/FileNotFoundException'{0x00000003807d7558}> (0x00000003807d7558) 
thrown [open/src/hotspot/share/prims/jni.cpp, line 514]
Event: 26.083 Thread 0x0000000a90f46800 Exception <a 'java/lang/ClassNotFoundException'{0x0000000380701728}: sun/awt/resources/spi/awtosxProvider> (0x0000000380701728) 
thrown [open/src/hotspot/share/classfile/systemDictionary.cpp, line 330]
Event: 26.128 Thread 0x0000000a90f46800 Exception <a 'java/lang/NoSuchMethodError'{0x000000038071b0f8}: 'long java.lang.invoke.DirectMethodHandle$Holder.invokeStatic(java.lang.Object, java.lang.Object)'> (0x000000038071b0f8) 
thrown [open/src/hotspot/share/interpreter/linkResolver.cpp, line 804]
Event: 26.128 Thread 0x0000000a90f46800 Exception <a 'java/lang/NoSuchMethodError'{0x0000000380723400}: 'long java.lang.invoke.DirectMethodHandle$Holder.invokeStaticInit(java.lang.Object, java.lang.Object)'> (0x0000000380723400) 
thrown [open/src/hotspot/share/interpreter/linkResolver.cpp, line 804]
Event: 26.128 Thread 0x0000000a90f46800 Exception <a 'java/lang/NoSuchMethodError'{0x000000038072bd20}: 'java.lang.Object java.lang.invoke.DirectMethodHandle$Holder.invokeStatic(java.lang.Object, long, java.lang.Object)'> (0x000000038072bd20) 
thrown [open/src/hotspot/share/interpreter/linkResolver.cpp, line 804]
Event: 26.128 Thread 0x0000000a90f46800 Exception <a 'java/lang/NoSuchMethodError'{0x0000000380734120}: 'java.lang.Object java.lang.invoke.DirectMethodHandle$Holder.invokeStaticInit(java.lang.Object, long, java.lang.Object)'> (0x0000000380734120) 
thrown [open/src/hotspot/share/interpreter/linkResolver.cpp, line 804]
Event: 26.128 Thread 0x0000000a90f46800 Exception <a 'java/lang/NoSuchMethodError'{0x000000038073c660}: 'java.lang.Object java.lang.invoke.DirectMethodHandle$Holder.invokeStaticInit(java.lang.Object, long)'> (0x000000038073c660) 
thrown [open/src/hotspot/share/interpreter/linkResolver.cpp, line 804]
Event: 26.132 Thread 0x0000000a90f46800 Exception <a 'java/lang/NoSuchMethodError'{0x000000038074e658}: 'long java.lang.invoke.DirectMethodHandle$Holder.invokeStaticInit(java.lang.Object, long, long, long, long)'> (0x000000038074e658) 
thrown [open/src/hotspot/share/interpreter/linkResolver.cpp, line 804]
Event: 26.132 Thread 0x0000000a90f46800 Exception <a 'java/lang/NoSuchMethodError'{0x0000000380757368}: 'java.lang.Object java.lang.invoke.DirectMethodHandle$Holder.invokeInterface(java.lang.Object, java.lang.Object, long, long)'> (0x0000000380757368) 
thrown [open/src/hotspot/share/interpreter/linkResolver.cpp, line 804]
Event: 26.132 Thread 0x0000000a90f46800 Exception <a 'java/lang/NoSuchMethodError'{0x000000038076fc60}: 'void java.lang.invoke.DirectMethodHandle$Holder.invokeStaticInit(java.lang.Object, java.lang.Object, long, java.lang.Object)'> (0x000000038076fc60) 
thrown [open/src/hotspot/share/interpreter/linkResolver.cpp, line 804]
Event: 26.133 Thread 0x0000000a90f46800 Exception <a 'java/lang/NoSuchMethodError'{0x00000003807786c8}: 'long java.lang.invoke.DirectMethodHandle$Holder.invokeStatic(java.lang.Object, long, long)'> (0x00000003807786c8) 
thrown [open/src/hotspot/share/interpreter/linkResolver.cpp, line 804]
Event: 27.599 Thread 0x0000000a90f46800 Exception <a 'java/lang/NoSuchMethodError'{0x0000000309554310}: 'java.lang.Object java.lang.invoke.DirectMethodHandle$Holder.newInvokeSpecial(java.lang.Object, java.lang.Object, int, java.lang.Object, double, double, double, double, double, double, int, int, int, int, int, int, int, int)'> (0x0000000309554310) 
thrown [open/src/hotspot/share/interpreter/linkResolver.cpp, line 804]
Event: 31.388 Thread 0x0000000a90f46800 Exception <a 'java/lang/NoSuchMethodError'{0x0000000308e1fe80}: 'java.lang.Object java.lang.invoke.DirectMethodHandle$Holder.newInvokeSpecial(java.lang.Object, java.lang.Object, int, java.lang.Object, double, double, int, int, int, int, int, int, int)'> (0x0000000308e1fe80) 
thrown [open/src/hotspot/share/interpreter/linkResolver.cpp, line 804]
Event: 38.772 Thread 0x0000000a90f46800 Exception <a 'java/lang/NoSuchMethodError'{0x00000003086b8670}: 'java.lang.Object java.lang.invoke.DirectMethodHandle$Holder.newInvokeSpecial(java.lang.Object, java.lang.Object, int, int, int, int, int, java.lang.Object)'> (0x00000003086b8670) 
thrown [open/src/hotspot/share/interpreter/linkResolver.cpp, line 804]
Event: 38.773 Thread 0x0000000a90f46800 Exception <a 'java/lang/NoSuchMethodError'{0x00000003086e1060}: 'java.lang.Object java.lang.invoke.DirectMethodHandle$Holder.newInvokeSpecial(java.lang.Object, java.lang.Object, java.lang.Object, int, int, int, int, int)'> (0x00000003086e1060) 
thrown [open/src/hotspot/share/interpreter/linkResolver.cpp, line 804]
Event: 38.773 Thread 0x0000000a90f46800 Exception <a 'java/lang/NoSuchMethodError'{0x00000003086f1430}: 'java.lang.Object java.lang.invoke.Invokers$Holder.linkToTargetMethod(java.lang.Object, java.lang.Object, int, int, int, int, int, java.lang.Object)'> (0x00000003086f1430) 
thrown [open/src/hotspot/share/interpreter/linkResolver.cpp, line 804]

VM Operations (20 events):
Event: 25.761 Executing safepoint VM operation: G1PauseCleanup
Event: 25.761 Executing safepoint VM operation: G1PauseCleanup done
Event: 25.789 Executing safepoint VM operation: G1CollectForAllocation (G1 Evacuation Pause)
Event: 25.790 Executing safepoint VM operation: G1CollectForAllocation (G1 Evacuation Pause) done
Event: 25.809 Executing safepoint VM operation: G1CollectForAllocation (G1 Evacuation Pause)
Event: 25.810 Executing safepoint VM operation: G1CollectForAllocation (G1 Evacuation Pause) done
Event: 26.073 Executing safepoint VM operation: G1TryInitiateConcMark (G1 Humongous Allocation)
Event: 26.074 Executing safepoint VM operation: G1TryInitiateConcMark (G1 Humongous Allocation) done
Event: 26.079 Executing safepoint VM operation: G1PauseRemark
Event: 26.080 Executing safepoint VM operation: G1PauseRemark done
Event: 26.081 Executing non-safepoint VM operation: HandshakeAllThreads (Deoptimize)
Event: 26.081 Executing non-safepoint VM operation: HandshakeAllThreads (Deoptimize) done
Event: 26.081 Executing non-safepoint VM operation: HandshakeAllThreads (Deoptimize)
Event: 26.081 Executing non-safepoint VM operation: HandshakeAllThreads (Deoptimize) done
Event: 26.083 Executing safepoint VM operation: G1PauseCleanup
Event: 26.083 Executing safepoint VM operation: G1PauseCleanup done
Event: 26.126 Executing non-safepoint VM operation: HandshakeAllThreads (Deoptimize)
Event: 26.126 Executing non-safepoint VM operation: HandshakeAllThreads (Deoptimize) done
Event: 41.609 Executing safepoint VM operation: G1CollectForAllocation (G1 Evacuation Pause)
Event: 41.614 Executing safepoint VM operation: G1CollectForAllocation (G1 Evacuation Pause) done

Memory protections (20 events):
Event: 37.656 Protecting memory [0x00000001741c8000,0x00000001741d4000] with protection modes 0
Event: 37.919 Protecting memory [0x00000001756cc000,0x00000001756d8000] with protection modes 0
Event: 37.926 Protecting memory [0x00000001758d8000,0x00000001758e4000] with protection modes 0
Event: 38.073 Protecting memory [0x00000001758d8000,0x00000001758e4000] with protection modes 3
Event: 38.073 Protecting memory [0x00000001756cc000,0x00000001756d8000] with protection modes 3
Event: 39.540 Protecting memory [0x00000001741c8000,0x00000001741d4000] with protection modes 3
Event: 40.089 Protecting memory [0x00000001741c8000,0x00000001741d4000] with protection modes 0
Event: 41.540 Protecting memory [0x00000001741c8000,0x00000001741d4000] with protection modes 3
Event: 41.606 Protecting memory [0x00000001741c8000,0x00000001741d4000] with protection modes 0
Event: 41.890 Protecting memory [0x00000001741c8000,0x00000001741d4000] with protection modes 3
Event: 42.289 Protecting memory [0x00000001741c8000,0x00000001741d4000] with protection modes 0
Event: 43.456 Protecting memory [0x00000001741c8000,0x00000001741d4000] with protection modes 3
Event: 43.489 Protecting memory [0x00000001741c8000,0x00000001741d4000] with protection modes 0
Event: 44.338 Protecting memory [0x0000000172794000,0x00000001727a0000] with protection modes 3
Event: 44.338 Protecting memory [0x000000016fd8c000,0x000000016fd98000] with protection modes 3
Event: 44.338 Protecting memory [0x00000001731d0000,0x00000001731dc000] with protection modes 3
Event: 44.338 Protecting memory [0x000000016fd8c000,0x000000016fd98000] with protection modes 0
Event: 44.339 Protecting memory [0x000000016f504000,0x000000016f510000] with protection modes 3
Event: 44.339 Protecting memory [0x0000000172794000,0x00000001727a0000] with protection modes 0
Event: 44.340 Protecting memory [0x0000000172794000,0x00000001727a0000] with protection modes 3

Nmethod flushes (20 events):
Event: 25.759 Thread 0x0000000a90cde800 flushing  nmethod 0x000000010fe73188
Event: 25.759 Thread 0x0000000a90cde800 flushing  nmethod 0x000000010fe94cc8
Event: 25.759 Thread 0x0000000a90cde800 flushing  nmethod 0x00000001178197c8
Event: 25.759 Thread 0x0000000a90cde800 flushing  nmethod 0x00000001178571c8
Event: 25.759 Thread 0x0000000a90cde800 flushing  nmethod 0x000000010fd1d608
Event: 25.759 Thread 0x0000000a90cde800 flushing  nmethod 0x000000010fd1e388
Event: 25.759 Thread 0x0000000a90cde800 flushing  nmethod 0x000000010fdcc208
Event: 25.759 Thread 0x0000000a90cde800 flushing  nmethod 0x000000010fe45ac8
Event: 25.759 Thread 0x0000000a90cde800 flushing  nmethod 0x000000010fea2788
Event: 25.759 Thread 0x0000000a90cde800 flushing  nmethod 0x000000010feaa448
Event: 25.759 Thread 0x0000000a90cde800 flushing  nmethod 0x000000010fffb0c8
Event: 25.759 Thread 0x0000000a90cde800 flushing  nmethod 0x0000000110084748
Event: 26.080 Thread 0x0000000a90cde800 flushing  nmethod 0x000000010fd4ce08
Event: 26.080 Thread 0x0000000a90cde800 flushing  nmethod 0x000000010ff23848
Event: 26.080 Thread 0x0000000a90cde800 flushing  nmethod 0x00000001178950c8
Event: 26.080 Thread 0x0000000a90cde800 flushing  nmethod 0x000000010fd5a048
Event: 26.080 Thread 0x0000000a90cde800 flushing  nmethod 0x000000010fd0c8c8
Event: 26.080 Thread 0x0000000a90cde800 flushing  nmethod 0x000000010fdd0e48
Event: 26.080 Thread 0x0000000a90cde800 flushing  nmethod 0x000000010fe143c8
Event: 26.080 Thread 0x0000000a90cde800 flushing  nmethod 0x000000010fd98288

Events (20 events):
Event: 37.919 Thread 0x0000000a90cae800 Thread added: 0x0000000a8eb9a800
Event: 37.925 Thread 0x0000000a90cae800 Thread added: 0x0000000a8ebe8000
Event: 38.073 Thread 0x0000000a8ebe8000 Thread exited: 0x0000000a8ebe8000
Event: 38.073 Thread 0x0000000a8eb9a800 Thread exited: 0x0000000a8eb9a800
Event: 39.540 Thread 0x0000000a8eb79800 Thread exited: 0x0000000a8eb79800
Event: 40.089 Thread 0x0000000a8ebdb000 Thread added: 0x0000000a8ebdb000
Event: 41.540 Thread 0x0000000a8ebdb000 Thread exited: 0x0000000a8ebdb000
Event: 41.606 Thread 0x0000000a8ebdb000 Thread added: 0x0000000a8ebdb000
Event: 41.890 Thread 0x0000000a8ebdb000 Thread exited: 0x0000000a8ebdb000
Event: 42.289 Thread 0x0000000a8ebdb000 Thread added: 0x0000000a8ebdb000
Event: 43.456 Thread 0x0000000a8ebdb000 Thread exited: 0x0000000a8ebdb000
Event: 43.489 Thread 0x0000000a8eca5000 Thread added: 0x0000000a8eca5000
Event: 44.338 Thread 0x0000000a90f45800 Thread exited: 0x0000000a90f45800
Event: 44.338 Thread 0x00000001009e24c0 Thread exited: 0x00000001009e24c0
Event: 44.338 Thread 0x0000000a90f47800 Thread exited: 0x0000000a90f47800
Event: 44.338 Thread 0x0000000a8eca6000 Thread added: 0x0000000a8eca6000
Event: 44.339 Thread 0x0000000a90f46800 Thread exited: 0x0000000a90f46800
Event: 44.339 Thread 0x0000000a8eca6000 Thread added: 0x0000000a8eca4800
Event: 44.340 Thread 0x0000000a8eca4800 Thread exited: 0x0000000a8eca4800
Event: 44.342 Thread 0x0000000a8eca6000 Before exit entered


Dynamic libraries:
0x0000000100138000 	/Users/apusmac/Library/Java/JavaVirtualMachines/openjdk-26.0.2.1/Contents/Home/lib/libjli.dylib
0x00000001bc23f000 	/System/Library/Frameworks/ApplicationServices.framework/Versions/A/ApplicationServices
0x00000001a6cf1000 	/System/Library/Frameworks/CoreGraphics.framework/Versions/A/CoreGraphics
0x00000001a2e67000 	/System/Library/Frameworks/CoreText.framework/Versions/A/CoreText
0x00000001acd83000 	/System/Library/Frameworks/ImageIO.framework/Versions/A/ImageIO
0x00000001a7446000 	/System/Library/Frameworks/ColorSync.framework/Versions/A/ColorSync
0x00000001b3b07000 	/System/Library/Frameworks/ApplicationServices.framework/Versions/A/Frameworks/ATS.framework/Versions/A/ATS
0x00000001b7ced000 	/System/Library/Frameworks/CoreServices.framework/Versions/A/CoreServices
0x00000001a75f2000 	/System/Library/Frameworks/ApplicationServices.framework/Versions/A/Frameworks/HIServices.framework/Versions/A/HIServices
0x00000001b21c0000 	/System/Library/Frameworks/ApplicationServices.framework/Versions/A/Frameworks/PrintCore.framework/Versions/A/PrintCore
0x00000001b3ec8000 	/System/Library/Frameworks/ApplicationServices.framework/Versions/A/Frameworks/QD.framework/Versions/A/QD
0x00000001b3ec3000 	/System/Library/Frameworks/ApplicationServices.framework/Versions/A/Frameworks/ColorSyncLegacy.framework/Versions/A/ColorSyncLegacy
0x00000001b3ad9000 	/System/Library/Frameworks/ApplicationServices.framework/Versions/A/Frameworks/SpeechSynthesis.framework/Versions/A/SpeechSynthesis
0x00000001af95f000 	/usr/lib/libSystem.B.dylib
0x00000001a675a000 	/System/Library/PrivateFrameworks/SkyLight.framework/Versions/A/SkyLight
0x00000001a7e3b000 	/System/Library/PrivateFrameworks/ProtocolBuffer.framework/Versions/A/ProtocolBuffer
0x00000001af964000 	/System/Library/PrivateFrameworks/SoftLinking.framework/Versions/A/SoftLinking
0x00000001a3c65000 	/usr/lib/libicucore.A.dylib
0x00000001a976c000 	/System/Library/PrivateFrameworks/CoreAnalytics.framework/Versions/A/CoreAnalytics
0x00000001ac755000 	/System/Library/PrivateFrameworks/FontServices.framework/libFontParser.dylib
0x00000001b7f64000 	/System/Library/Frameworks/Accelerate.framework/Versions/A/Accelerate
0x00000001ac264000 	/System/Library/Frameworks/IOSurface.framework/Versions/A/IOSurface
0x00000001aa4b3000 	/usr/lib/libxml2.2.dylib
0x00000001a62c4000 	/System/Library/Frameworks/CFNetwork.framework/Versions/A/CFNetwork
0x000000019ffcd000 	/System/Library/Frameworks/CoreFoundation.framework/Versions/A/CoreFoundation
0x00000001a1817000 	/System/Library/Frameworks/Foundation.framework/Versions/C/Foundation
0x00000001af8a8000 	/usr/lib/libz.1.dylib
0x000000019fb38000 	/usr/lib/libobjc.A.dylib
0x000000019fe9c000 	/usr/lib/libc++.1.dylib
0x00000001a3841000 	/System/Library/Frameworks/Security.framework/Versions/A/Security
0x00000002555b0000 	/System/Library/PrivateFrameworks/CollectionsInternal.framework/Versions/A/CollectionsInternal
0x00000001b31cf000 	/usr/lib/swift/libswiftCore.dylib
0x00000001cc3bf000 	/usr/lib/swift/libswiftCoreFoundation.dylib
0x00000001b99e9000 	/usr/lib/swift/libswiftDispatch.dylib
0x00000001cc419000 	/usr/lib/swift/libswiftIOKit.dylib
0x00000001bc88d000 	/usr/lib/swift/libswiftObjectiveC.dylib
0x00000001cc3d1000 	/usr/lib/swift/libswiftXPC.dylib
0x000000029a3c2000 	/usr/lib/swift/libswift_Builtin_float.dylib
0x00000002523f6000 	/System/Library/PrivateFrameworks/BiomeLibrary.framework/Versions/A/BiomeLibrary
0x00000001a80e0000 	/System/Library/PrivateFrameworks/BaseBoard.framework/Versions/A/BaseBoard
0x00000001b9d4c000 	/System/Library/PrivateFrameworks/BoardServices.framework/Versions/A/BoardServices
0x00000001bbb05000 	/System/Library/PrivateFrameworks/BackBoardServices.framework/Versions/A/BackBoardServices
0x0000000252311000 	/System/Library/PrivateFrameworks/BackBoardHIDEventFoundation.framework/Versions/A/BackBoardHIDEventFoundation
0x00000001aa59a000 	/System/Library/Frameworks/CoreVideo.framework/Versions/A/CoreVideo
0x00000001a979c000 	/usr/lib/libDiagnosticMessagesClient.dylib
0x00000001a2979000 	/System/Library/Frameworks/CoreDisplay.framework/Versions/A/CoreDisplay
0x00000001aec1c000 	/usr/lib/libbsm.0.dylib
0x00000001b1af7000 	/System/Library/Frameworks/VideoToolbox.framework/Versions/A/VideoToolbox
0x00000001afb82000 	/System/Library/Frameworks/MetalPerformanceShaders.framework/Versions/A/MetalPerformanceShaders
0x00000001ae8ec000 	/System/Library/PrivateFrameworks/IOMobileFramebuffer.framework/Versions/A/IOMobileFramebuffer
0x000000027af5c000 	/System/Library/PrivateFrameworks/ProDisplayLibrary.framework/Versions/A/ProDisplayLibrary
0x00000001bf84a000 	/System/Library/PrivateFrameworks/IOSurfaceAccelerator.framework/Versions/A/IOSurfaceAccelerator
0x00000001a81d1000 	/System/Library/PrivateFrameworks/RunningBoardServices.framework/Versions/A/RunningBoardServices
0x00000001a1477000 	/System/Library/Frameworks/SystemConfiguration.framework/Versions/A/SystemConfiguration
0x00000001ac28c000 	/System/Library/Frameworks/Metal.framework/Versions/A/Metal
0x00000001ac281000 	/System/Library/PrivateFrameworks/IOAccelerator.framework/Versions/A/IOAccelerator
0x00000001ac599000 	/System/Library/Frameworks/CoreMedia.framework/Versions/A/CoreMedia
0x00000001a6735000 	/System/Library/PrivateFrameworks/TCC.framework/Versions/A/TCC
0x00000001a669c000 	/usr/lib/libMobileGestalt.dylib
0x00000001b1aaf000 	/System/Library/PrivateFrameworks/WatchdogClient.framework/Versions/A/WatchdogClient
0x00000001a9cd1000 	/System/Library/Frameworks/QuartzCore.framework/Versions/A/QuartzCore
0x00000001a42bd000 	/System/Library/Frameworks/IOKit.framework/Versions/A/IOKit
0x00000001afb8b000 	/usr/lib/libcompression.dylib
0x00000001b1ab1000 	/System/Library/PrivateFrameworks/MultitouchSupport.framework/Versions/A/MultitouchSupport
0x00000001e901a000 	/usr/lib/swift/libswiftOSLog.dylib
0x00000001bc891000 	/usr/lib/swift/libswiftos.dylib
0x00000001cfdfb000 	/usr/lib/swift/libswiftsimd.dylib
0x00000001dae20000 	/System/Library/PrivateFrameworks/BiomeStreams.framework/Versions/A/BiomeStreams
0x00000001e0eea000 	/System/Library/PrivateFrameworks/BiomeStorage.framework/Versions/A/BiomeStorage
0x00000001d70b3000 	/System/Library/PrivateFrameworks/BiomeFoundation.framework/Versions/A/BiomeFoundation
0x000000026ca33000 	/System/Library/PrivateFrameworks/IntelligencePlatformLibrary.framework/Versions/A/IntelligencePlatformLibrary
0x00000001a7e57000 	/usr/lib/libsqlite3.dylib
0x000000027a291000 	/System/Library/PrivateFrameworks/PoirotSchematizer.framework/Versions/A/PoirotSchematizer
0x0000000252c39000 	/System/Library/PrivateFrameworks/BiomeSync.framework/Versions/A/BiomeSync
0x00000002523dc000 	/System/Library/PrivateFrameworks/BiomeDSL.framework/Versions/A/BiomeDSL
0x00000001e0e8c000 	/System/Library/PrivateFrameworks/BiomePubSub.framework/Versions/A/BiomePubSub
0x00000001cc285000 	/System/Library/PrivateFrameworks/LoggingSupport.framework/Versions/A/LoggingSupport
0x00000001bd83f000 	/System/Library/PrivateFrameworks/ProactiveSupport.framework/Versions/A/ProactiveSupport
0x00000001f9187000 	/System/Library/PrivateFrameworks/FeatureFlags.framework/Versions/A/FeatureFlags
0x00000001f14d0000 	/System/Library/PrivateFrameworks/InternalSwiftProtobuf.framework/Versions/A/InternalSwiftProtobuf
0x000000027a2fb000 	/System/Library/PrivateFrameworks/PoirotUDFs.framework/Versions/A/PoirotUDFs
0x000000029a530000 	/usr/lib/swift/libswift_StringProcessing.dylib
0x00000001af959000 	/usr/lib/system/libcache.dylib
0x00000001af914000 	/usr/lib/system/libcommonCrypto.dylib
0x00000001af93f000 	/usr/lib/system/libcompiler_rt.dylib
0x00000001af934000 	/usr/lib/system/libcopyfile.dylib
0x000000019fcd6000 	/usr/lib/system/libcorecrypto.dylib
0x000000019fdcf000 	/usr/lib/system/libdispatch.dylib
0x000000019fb8c000 	/usr/lib/system/libdyld.dylib
0x00000001af94f000 	/usr/lib/system/libkeymgr.dylib
0x00000001af8f7000 	/usr/lib/system/libmacho.dylib
0x00000001aebf4000 	/usr/lib/system/libquarantine.dylib
0x00000001af94c000 	/usr/lib/system/libremovefile.dylib
0x00000001a671d000 	/usr/lib/system/libsystem_asl.dylib
0x000000019fc5c000 	/usr/lib/system/libsystem_blocks.dylib
0x000000019fe19000 	/usr/lib/system/libsystem_c.dylib
0x00000001af943000 	/usr/lib/system/libsystem_collections.dylib
0x00000001ad675000 	/usr/lib/system/libsystem_configuration.dylib
0x00000001ac22b000 	/usr/lib/system/libsystem_containermanager.dylib
0x00000001af377000 	/usr/lib/system/libsystem_coreservices.dylib
0x00000001a3f37000 	/usr/lib/system/libsystem_darwin.dylib
0x000000029a718000 	/usr/lib/system/libsystem_darwindirectory.dylib
0x00000001af950000 	/usr/lib/system/libsystem_dnssd.dylib
0x000000029a71c000 	/usr/lib/system/libsystem_eligibility.dylib
0x000000019fe16000 	/usr/lib/system/libsystem_featureflags.dylib
0x000000019ff9d000 	/usr/lib/system/libsystem_info.dylib
0x00000001af8b8000 	/usr/lib/system/libsystem_m.dylib
0x000000019fd83000 	/usr/lib/system/libsystem_malloc.dylib
0x00000001a667f000 	/usr/lib/system/libsystem_networkextension.dylib
0x00000001a43a8000 	/usr/lib/system/libsystem_notify.dylib
0x00000001ad67a000 	/usr/lib/system/libsystem_sandbox.dylib
0x000000029a724000 	/usr/lib/system/libsystem_sanitizers.dylib
0x00000001af948000 	/usr/lib/system/libsystem_secinit.dylib
0x000000019ff4a000 	/usr/lib/system/libsystem_kernel.dylib
0x000000019ff94000 	/usr/lib/system/libsystem_platform.dylib
0x000000019ff87000 	/usr/lib/system/libsystem_pthread.dylib
0x00000001a82c3000 	/usr/lib/system/libsystem_symptoms.dylib
0x000000019fcb5000 	/usr/lib/system/libsystem_trace.dylib
0x000000029a72c000 	/usr/lib/system/libsystem_trial.dylib
0x00000001af922000 	/usr/lib/system/libunwind.dylib
0x000000019fc60000 	/usr/lib/system/libxpc.dylib
0x000000019ff2f000 	/usr/lib/libc++abi.dylib
0x0000000298ff3000 	/usr/lib/libRosetta.dylib
0x0000000299fc9000 	/usr/lib/libswiftPrespecialized.dylib
0x00000001aa469000 	/System/Library/PrivateFrameworks/CoreAutoLayout.framework/Versions/A/CoreAutoLayout
0x00000001af961000 	/usr/lib/libfakelink.dylib
0x00000001a9890000 	/System/Library/Frameworks/DiskArbitration.framework/Versions/A/DiskArbitration
0x00000001af9b5000 	/usr/lib/libarchive.2.dylib
0x00000001ad688000 	/usr/lib/liblangid.dylib
0x00000001b59f7000 	/System/Library/Frameworks/Combine.framework/Versions/A/Combine
0x000000027be2a000 	/System/Library/PrivateFrameworks/ReflectionInternal.framework/Versions/A/ReflectionInternal
0x000000027ccb3000 	/System/Library/PrivateFrameworks/RuntimeInternal.framework/Versions/A/RuntimeInternal
0x00000001c9362000 	/usr/lib/swift/libswiftDarwin.dylib
0x000000029a390000 	/usr/lib/swift/libswiftSystem.dylib
0x000000029a3c5000 	/usr/lib/swift/libswift_Concurrency.dylib
0x000000029a44f000 	/usr/lib/swift/libswift_DarwinFoundation1.dylib
0x00000001a423c000 	/System/Library/PrivateFrameworks/CoreServicesInternal.framework/Versions/A/CoreServicesInternal
0x00000001af92c000 	/usr/lib/liboah.dylib
0x00000001bbce1000 	/System/Library/PrivateFrameworks/DiskImages.framework/Versions/A/DiskImages
0x00000001c8e25000 	/System/Library/Frameworks/NetFS.framework/Versions/A/NetFS
0x00000001aa42d000 	/System/Library/Frameworks/CoreServices.framework/Versions/A/Frameworks/FSEvents.framework/Versions/A/FSEvents
0x00000001a3f42000 	/System/Library/Frameworks/CoreServices.framework/Versions/A/Frameworks/CarbonCore.framework/Versions/A/CarbonCore
0x00000001a9804000 	/System/Library/Frameworks/CoreServices.framework/Versions/A/Frameworks/Metadata.framework/Versions/A/Metadata
0x00000001af37e000 	/System/Library/Frameworks/CoreServices.framework/Versions/A/Frameworks/OSServices.framework/Versions/A/OSServices
0x00000001afaad000 	/System/Library/Frameworks/CoreServices.framework/Versions/A/Frameworks/SearchKit.framework/Versions/A/SearchKit
0x00000001a823d000 	/System/Library/Frameworks/CoreServices.framework/Versions/A/Frameworks/AE.framework/Versions/A/AE
0x00000001a0514000 	/System/Library/Frameworks/CoreServices.framework/Versions/A/Frameworks/LaunchServices.framework/Versions/A/LaunchServices
0x00000001b0ece000 	/System/Library/Frameworks/CoreServices.framework/Versions/A/Frameworks/DictionaryServices.framework/Versions/A/DictionaryServices
0x00000001aa43b000 	/System/Library/Frameworks/CoreServices.framework/Versions/A/Frameworks/SharedFileList.framework/Versions/A/SharedFileList
0x00000001afb42000 	/usr/lib/libapple_nghttp2.dylib
0x00000001bbf29000 	/System/Library/PrivateFrameworks/AppSupport.framework/Versions/A/AppSupport
0x00000001b3eff000 	/System/Library/Frameworks/GSS.framework/Versions/A/GSS
0x00000001b22d7000 	/System/Library/PrivateFrameworks/InternationalSupport.framework/Versions/A/InternationalSupport
0x00000001bc81b000 	/System/Library/PrivateFrameworks/StreamingZip.framework/Versions/A/StreamingZip
0x00000001a669a000 	/usr/lib/libenergytrace.dylib
0x00000001a82cc000 	/System/Library/Frameworks/Network.framework/Versions/A/Network
0x00000001af8fb000 	/usr/lib/system/libkxld.dylib
0x0000000250eec000 	/System/Library/PrivateFrameworks/AppleKeyStore.framework/Versions/A/AppleKeyStore
0x0000000298cd7000 	/usr/lib/libCoreEntitlements.dylib
0x0000000271da9000 	/System/Library/PrivateFrameworks/MessageSecurity.framework/Versions/A/MessageSecurity
0x00000001b8dfa000 	/System/Library/PrivateFrameworks/SymptomDiagnosticReporter.framework/Versions/A/SymptomDiagnosticReporter
0x00000001b1112000 	/System/Library/PrivateFrameworks/CrashReporterSupport.framework/Versions/A/CrashReporterSupport
0x00000001af35e000 	/System/Library/PrivateFrameworks/AppleFSCompression.framework/Versions/A/AppleFSCompression
0x00000001aec04000 	/usr/lib/libcoretls.dylib
0x00000001b0f45000 	/usr/lib/libcoretls_cfhelpers.dylib
0x00000001afb84000 	/usr/lib/libpam.2.dylib
0x00000001b0fb7000 	/usr/lib/libxar.1.dylib
0x00000001b0f47000 	/System/Library/PrivateFrameworks/APFS.framework/Versions/A/APFS
0x000000028759e000 	/System/Library/PrivateFrameworks/SwiftASN1Internal.framework/Versions/A/SwiftASN1Internal
0x00000001b0fc6000 	/usr/lib/libutil.dylib
0x00000001ad683000 	/System/Library/PrivateFrameworks/AppleSystemInfo.framework/Versions/A/AppleSystemInfo
0x00000001b3f62000 	/System/Library/PrivateFrameworks/MobileAsset.framework/Versions/A/MobileAsset
0x00000001b8e0a000 	/System/Library/PrivateFrameworks/PowerLog.framework/Versions/A/PowerLog
0x000000024a492000 	/System/Library/Frameworks/SwiftData.framework/Versions/A/SwiftData
0x00000001a5cfe000 	/System/Library/Frameworks/UniformTypeIdentifiers.framework/Versions/A/UniformTypeIdentifiers
0x00000001aa65f000 	/System/Library/PrivateFrameworks/UserManagement.framework/Versions/A/UserManagement
0x00000001a61f0000 	/usr/lib/libboringssl.dylib
0x00000001a82b1000 	/usr/lib/libdns_services.dylib
0x00000001cb28f000 	/usr/lib/libquic.dylib
0x00000001b315f000 	/usr/lib/libusrtcp.dylib
0x0000000251c70000 	/System/Library/PrivateFrameworks/AtomicsInternal.framework/Versions/A/AtomicsInternal
0x000000029a220000 	/usr/lib/swift/libswiftDistributed.dylib
0x000000029a249000 	/usr/lib/swift/libswiftObservation.dylib
0x000000029a388000 	/usr/lib/swift/libswiftSynchronization.dylib
0x00000001ad681000 	/System/Library/PrivateFrameworks/AggregateDictionary.framework/Versions/A/AggregateDictionary
0x00000001a7a50000 	/System/Library/Frameworks/CoreData.framework/Versions/A/CoreData
0x00000001b0f26000 	/usr/lib/liblzma.5.dylib
0x00000001aeafd000 	/System/Library/PrivateFrameworks/MobileKeyBag.framework/Versions/A/MobileKeyBag
0x00000001bc240000 	/System/Library/PrivateFrameworks/InternationalTextSearch.framework/Versions/A/InternationalTextSearch
0x00000001d35fa000 	/System/Library/PrivateFrameworks/SoftwareUpdateCoreSupport.framework/Versions/A/SoftwareUpdateCoreSupport
0x00000001db88b000 	/System/Library/PrivateFrameworks/SoftwareUpdateCoreConnect.framework/Versions/A/SoftwareUpdateCoreConnect
0x00000001bbddf000 	/System/Library/PrivateFrameworks/RemoteServiceDiscovery.framework/Versions/A/RemoteServiceDiscovery
0x00000001d31f6000 	/System/Library/PrivateFrameworks/MSUDataAccessor.framework/Versions/A/MSUDataAccessor
0x00000001ce3a8000 	/usr/lib/libbootpolicy.dylib
0x00000001bbdf6000 	/System/Library/PrivateFrameworks/RemoteXPC.framework/Versions/A/RemoteXPC
0x00000001dacec000 	/usr/lib/libFDR.dylib
0x00000001e0aae000 	/usr/lib/libamsupport.dylib
0x0000000298feb000 	/usr/lib/libReverseProxyDevice.dylib
0x0000000250846000 	/System/Library/PrivateFrameworks/AppleDeviceQuerySupport.framework/Versions/A/AppleDeviceQuerySupport
0x00000001e3b2f000 	/usr/lib/libpartition2_dynamic.dylib
0x00000001afb1e000 	/System/Library/PrivateFrameworks/AppleSauce.framework/Versions/A/AppleSauce
0x0000000298b78000 	/usr/lib/libAppleArchive.dylib
0x00000001af36a000 	/usr/lib/libbz2.1.0.dylib
0x00000001a989a000 	/System/Library/Frameworks/Accelerate.framework/Versions/A/Frameworks/vImage.framework/Versions/A/vImage
0x00000001b7cc7000 	/System/Library/Frameworks/Accelerate.framework/Versions/A/Frameworks/vecLib.framework/Versions/A/vecLib
0x00000001b0ffd000 	/System/Library/Frameworks/Accelerate.framework/Versions/A/Frameworks/vecLib.framework/Versions/A/libvMisc.dylib
0x00000001a0a11000 	/System/Library/Frameworks/Accelerate.framework/Versions/A/Frameworks/vecLib.framework/Versions/A/libBLAS.dylib
0x0000000205571000 	/System/Library/Frameworks/OpenGL.framework/Versions/A/OpenGL
0x00000001d9e90000 	/usr/lib/swift/libswiftMetal.dylib
0x00000001e391c000 	/usr/lib/swift/libswiftUniformTypeIdentifiers.dylib
0x000000026336e000 	/System/Library/PrivateFrameworks/GPUCompiler.framework/Versions/32023/Libraries/libllvm-flatbuffers.dylib
0x000000025dc7a000 	/System/Library/PrivateFrameworks/FramePacing.framework/Versions/A/FramePacing
0x0000000205563000 	/System/Library/Frameworks/OpenGL.framework/Versions/A/Libraries/libCoreFSCache.dylib
0x000000025edbb000 	/System/Library/PrivateFrameworks/GPUCompiler.framework/Versions/32023/Libraries/libGPUCompilerUtils.dylib
0x00000002055c2000 	/System/Library/Frameworks/OpenGL.framework/Versions/A/Libraries/libGLU.dylib
0x0000000205585000 	/System/Library/Frameworks/OpenGL.framework/Versions/A/Libraries/libGFXShared.dylib
0x0000000205751000 	/System/Library/Frameworks/OpenGL.framework/Versions/A/Libraries/libGL.dylib
0x000000020558e000 	/System/Library/Frameworks/OpenGL.framework/Versions/A/Libraries/libGLImage.dylib
0x0000000205582000 	/System/Library/Frameworks/OpenGL.framework/Versions/A/Libraries/libCVMSPluginSupport.dylib
0x000000020556b000 	/System/Library/Frameworks/OpenGL.framework/Versions/A/Libraries/libCoreVMClient.dylib
0x00000001ae79b000 	/System/Library/Frameworks/Accelerate.framework/Versions/A/Frameworks/vecLib.framework/Versions/A/libvDSP.dylib
0x00000001afc62000 	/System/Library/Frameworks/Accelerate.framework/Versions/A/Frameworks/vecLib.framework/Versions/A/libLAPACK.dylib
0x00000001aec92000 	/System/Library/Frameworks/Accelerate.framework/Versions/A/Frameworks/vecLib.framework/Versions/A/libLinearAlgebra.dylib
0x00000001afb5b000 	/System/Library/Frameworks/Accelerate.framework/Versions/A/Frameworks/vecLib.framework/Versions/A/libSparseBLAS.dylib
0x00000001afc5d000 	/System/Library/Frameworks/Accelerate.framework/Versions/A/Frameworks/vecLib.framework/Versions/A/libQuadrature.dylib
0x00000001ad7b3000 	/System/Library/Frameworks/Accelerate.framework/Versions/A/Frameworks/vecLib.framework/Versions/A/libBNNS.dylib
0x00000001a1304000 	/System/Library/Frameworks/Accelerate.framework/Versions/A/Frameworks/vecLib.framework/Versions/A/libSparse.dylib
0x000000026ea75000 	/System/Library/PrivateFrameworks/MIL.framework/Versions/A/MIL
0x00000001ddd36000 	/System/Library/PrivateFrameworks/OSAnalytics.framework/Versions/A/OSAnalytics
0x000000025bb03000 	/System/Library/PrivateFrameworks/DeviceRecovery.framework/Versions/A/DeviceRecovery
0x00000001ba151000 	/System/Library/PrivateFrameworks/CoreSymbolication.framework/Versions/A/CoreSymbolication
0x00000001ecdfe000 	/System/Library/PrivateFrameworks/Symbolication.framework/Versions/A/Symbolication
0x00000001ba12e000 	/System/Library/PrivateFrameworks/DebugSymbols.framework/Versions/A/DebugSymbols
0x00000001cc312000 	/System/Library/PrivateFrameworks/MallocStackLogging.framework/Versions/A/MallocStackLogging
0x000000029a490000 	/usr/lib/swift/libswift_RegexParser.dylib
0x00000001b8ce9000 	/System/Library/Frameworks/CoreBluetooth.framework/Versions/A/CoreBluetooth
0x00000001b40cf000 	/System/Library/PrivateFrameworks/CorePhoneNumbers.framework/Versions/A/CorePhoneNumbers
0x00000001af99a000 	/usr/lib/libiconv.2.dylib
0x00000001af8f6000 	/usr/lib/libcharset.1.dylib
0x00000002452ba000 	/System/Library/Frameworks/ExtensionFoundation.framework/Versions/A/ExtensionFoundation
0x00000001b15ec000 	/System/Library/PrivateFrameworks/AppServerSupport.framework/Versions/A/AppServerSupport
0x00000001b13ef000 	/System/Library/PrivateFrameworks/IconServices.framework/Versions/A/IconServices
0x00000001b1269000 	/System/Library/PrivateFrameworks/PlugInKit.framework/Versions/A/PlugInKit
0x00000001aeb15000 	/System/Library/PrivateFrameworks/AssertionServices.framework/Versions/A/AssertionServices
0x00000001e392b000 	/usr/lib/swift/libswiftAccelerate.dylib
0x00000001df0d3000 	/usr/lib/swift/libswiftQuartzCore.dylib
0x00000001b1979000 	/System/Library/PrivateFrameworks/AppleJPEG.framework/Versions/A/AppleJPEG
0x00000001b136a000 	/usr/lib/libexpat.1.dylib
0x00000001b2093000 	/System/Library/Frameworks/ImageIO.framework/Versions/A/Resources/libPng.dylib
0x00000001b20bf000 	/System/Library/Frameworks/ImageIO.framework/Versions/A/Resources/libTIFF.dylib
0x00000001b21a9000 	/System/Library/Frameworks/ImageIO.framework/Versions/A/Resources/libGIF.dylib
0x00000001b19be000 	/System/Library/Frameworks/ImageIO.framework/Versions/A/Resources/libJP2.dylib
0x00000001b1078000 	/usr/lib/libate.dylib
0x00000001b214f000 	/System/Library/Frameworks/ImageIO.framework/Versions/A/Resources/libJPEG.dylib
0x00000001b2146000 	/System/Library/Frameworks/ImageIO.framework/Versions/A/Resources/libRadiance.dylib
0x00000001b138f000 	/System/Library/PrivateFrameworks/IconFoundation.framework/Versions/A/IconFoundation
0x000000026992e000 	/System/Library/PrivateFrameworks/IconRendering.framework/Versions/A/IconRendering
0x00000001aa134000 	/System/Library/PrivateFrameworks/CoreUI.framework/Versions/A/CoreUI
0x00000001ad0ca000 	/System/Library/Frameworks/CoreImage.framework/Versions/A/CoreImage
0x000000027ce64000 	/System/Library/PrivateFrameworks/SFSymbols.framework/Versions/A/SFSymbols
0x0000000245175000 	/System/Library/Frameworks/DeveloperToolsSupport.framework/Versions/A/DeveloperToolsSupport
0x00000001c3930000 	/System/Library/PrivateFrameworks/RenderBox.framework/Versions/A/RenderBox
0x00000001acd45000 	/System/Library/PrivateFrameworks/CoreSVG.framework/Versions/A/CoreSVG
0x00000001b2237000 	/System/Library/PrivateFrameworks/TextureIO.framework/Versions/A/TextureIO
0x00000001cc418000 	/usr/lib/swift/libswiftCoreImage.dylib
0x00000001b159b000 	/System/Library/PrivateFrameworks/GraphVisualizer.framework/Versions/A/GraphVisualizer
0x000000025db85000 	/System/Library/PrivateFrameworks/FontServices.framework/Versions/A/FontServices
0x00000001b15ab000 	/System/Library/PrivateFrameworks/OTSVG.framework/Versions/A/OTSVG
0x00000001aa0e1000 	/System/Library/Frameworks/ApplicationServices.framework/Versions/A/Frameworks/ATS.framework/Versions/A/Resources/libFontRegistry.dylib
0x000000029958b000 	/usr/lib/libhvf.dylib
0x0000000276d01000 	/System/Library/PrivateFrameworks/ParsingInternal.framework/Versions/A/ParsingInternal
0x000000025db89000 	/System/Library/PrivateFrameworks/FontServices.framework/libXTFontStaticRegistryData.dylib
0x00000001ad5c2000 	/System/Library/Frameworks/MetalPerformanceShaders.framework/Versions/A/Frameworks/MPSCore.framework/Versions/A/MPSCore
0x00000001af2c9000 	/System/Library/Frameworks/MetalPerformanceShaders.framework/Versions/A/Frameworks/MPSImage.framework/Versions/A/MPSImage
0x00000001aeca7000 	/System/Library/Frameworks/MetalPerformanceShaders.framework/Versions/A/Frameworks/MPSNeuralNetwork.framework/Versions/A/MPSNeuralNetwork
0x00000001af0df000 	/System/Library/Frameworks/MetalPerformanceShaders.framework/Versions/A/Frameworks/MPSMatrix.framework/Versions/A/MPSMatrix
0x00000001aeef4000 	/System/Library/Frameworks/MetalPerformanceShaders.framework/Versions/A/Frameworks/MPSRayIntersector.framework/Versions/A/MPSRayIntersector
0x00000001af111000 	/System/Library/Frameworks/MetalPerformanceShaders.framework/Versions/A/Frameworks/MPSNDArray.framework/Versions/A/MPSNDArray
0x0000000247477000 	/System/Library/Frameworks/MetalPerformanceShaders.framework/Versions/A/Frameworks/MPSFunctions.framework/Versions/A/MPSFunctions
0x0000000247458000 	/System/Library/Frameworks/MetalPerformanceShaders.framework/Versions/A/Frameworks/MPSBenchmarkLoop.framework/Versions/A/MPSBenchmarkLoop
0x00000001a082d000 	/System/Library/PrivateFrameworks/MetalTools.framework/Versions/A/MetalTools
0x00000001d148c000 	/System/Library/PrivateFrameworks/IOAccelMemoryInfo.framework/Versions/A/IOAccelMemoryInfo
0x00000001df4c8000 	/System/Library/PrivateFrameworks/kperf.framework/Versions/A/kperf
0x00000001cc39b000 	/System/Library/PrivateFrameworks/GPURawCounter.framework/Versions/A/GPURawCounter
0x00000001bd9cb000 	/System/Library/PrivateFrameworks/ASEProcessing.framework/Versions/A/ASEProcessing
0x0000000279e82000 	/System/Library/PrivateFrameworks/PhotosensitivityProcessing.framework/Versions/A/PhotosensitivityProcessing
0x00000001b217b000 	/System/Library/Frameworks/ApplicationServices.framework/Versions/A/Frameworks/ATSUI.framework/Versions/A/ATSUI
0x00000001b3867000 	/System/Library/Frameworks/AudioToolbox.framework/Versions/A/AudioToolbox
0x00000001a2a9d000 	/System/Library/PrivateFrameworks/AudioToolboxCore.framework/Versions/A/AudioToolboxCore
0x00000001b3a41000 	/System/Library/PrivateFrameworks/AudioSession.framework/Versions/A/AudioSession
0x00000001bebea000 	/System/Library/Frameworks/CoreMIDI.framework/Versions/A/CoreMIDI
0x00000001b3ac0000 	/usr/lib/libAudioStatistics.dylib
0x00000001ac570000 	/System/Library/PrivateFrameworks/caulk.framework/Versions/A/caulk
0x00000001a3094000 	/System/Library/Frameworks/CoreAudio.framework/Versions/A/CoreAudio
0x00000001b206d000 	/usr/lib/libAudioToolboxUtility.dylib
0x00000001cc39f000 	/usr/lib/swift/libswiftCoreAudio.dylib
0x00000001d2a63000 	/usr/lib/swift/libswiftCoreMIDI.dylib
0x00000001b3ed1000 	/System/Library/PrivateFrameworks/perfdata.framework/Versions/A/perfdata
0x00000001cb38d000 	/System/Library/PrivateFrameworks/SystemPolicy.framework/Versions/A/SystemPolicy
0x00000001b3d76000 	/usr/lib/libSMC.dylib
0x00000001b3edf000 	/usr/lib/libperfcheck.dylib
0x0000000251d30000 	/System/Library/PrivateFrameworks/AudioAnalytics.framework/Versions/A/AudioAnalytics
0x000000029a453000 	/usr/lib/swift/libswift_DarwinFoundation2.dylib
0x000000029a454000 	/usr/lib/swift/libswift_DarwinFoundation3.dylib
0x00000001f11e0000 	/System/Library/Frameworks/OSLog.framework/Versions/A/OSLog
0x00000001cc344000 	/usr/lib/libmis.dylib
0x00000001ba268000 	/System/Library/PrivateFrameworks/CoreTime.framework/Versions/A/CoreTime
0x00000001b14ac000 	/System/Library/PrivateFrameworks/MediaExperience.framework/Versions/A/MediaExperience
0x00000001b3810000 	/System/Library/PrivateFrameworks/AudioSession.framework/libSessionUtility.dylib
0x00000001b21af000 	/System/Library/PrivateFrameworks/CMCaptureCore.framework/Versions/A/CMCaptureCore
0x00000001b15f9000 	/usr/lib/libspindump.dylib
0x00000001ae981000 	/System/Library/PrivateFrameworks/CoreUtils.framework/Versions/A/CoreUtils
0x00000001c4651000 	/System/Library/PrivateFrameworks/HID.framework/Versions/A/HID
0x000000025af28000 	/System/Library/PrivateFrameworks/CoreUtilsExtras.framework/Versions/A/CoreUtilsExtras
0x0000000269890000 	/System/Library/PrivateFrameworks/IO80211.framework/Versions/A/IO80211
0x00000001b574e000 	/System/Library/Frameworks/IOBluetooth.framework/Versions/A/IOBluetooth
0x00000001d9e9d000 	/usr/lib/swift/libswiftCompression.dylib
0x0000000251950000 	/System/Library/PrivateFrameworks/ArgumentParserInternal.framework/Versions/A/ArgumentParserInternal
0x00000001b1109000 	/usr/lib/libIOReport.dylib
0x00000001aeb24000 	/System/Library/Frameworks/SecurityFoundation.framework/Versions/A/SecurityFoundation
0x00000001a11f0000 	/System/Library/PrivateFrameworks/Lexicon.framework/Versions/A/Lexicon
0x00000001b9c6d000 	/System/Library/PrivateFrameworks/FrontBoardServices.framework/Versions/A/FrontBoardServices
0x00000001aec8f000 	/usr/lib/libgermantok.dylib
0x00000001ad7ac000 	/System/Library/PrivateFrameworks/LinguisticData.framework/Versions/A/LinguisticData
0x00000001b9e19000 	/System/Library/PrivateFrameworks/GraphicsServices.framework/Versions/A/GraphicsServices
0x00000001b8efc000 	/System/Library/PrivateFrameworks/MediaKit.framework/Versions/A/MediaKit
0x00000001b8e47000 	/System/Library/Frameworks/DiscRecording.framework/Versions/A/DiscRecording
0x00000001b1385000 	/usr/lib/libheimdal-asn1.dylib
0x00000001bc7f1000 	/System/Library/Frameworks/AudioUnit.framework/Versions/A/AudioUnit
0x00000001aa400000 	/System/Library/Frameworks/OpenDirectory.framework/Versions/A/OpenDirectory
0x00000001aa40e000 	/System/Library/Frameworks/OpenDirectory.framework/Versions/A/Frameworks/CFOpenDirectory.framework/Versions/A/CFOpenDirectory
0x0000000205ad5000 	/System/Library/Frameworks/AVFAudio.framework/Versions/A/AVFAudio
0x00000001c560f000 	/usr/lib/libAccessibility.dylib
0x000000026d5c7000 	/System/Library/PrivateFrameworks/IsolatedCoreAudioClient.framework/Versions/A/IsolatedCoreAudioClient
0x00000001e787c000 	/usr/lib/swift/libswiftCoreMedia.dylib
0x000000028aa71000 	/System/Library/PrivateFrameworks/Tightbeam.framework/Versions/A/Tightbeam
0x0000000256e3f000 	/System/Library/PrivateFrameworks/CoreAudioOrchestration.framework/Versions/A/CoreAudioOrchestration
0x00000001e4078000 	/System/Library/PrivateFrameworks/AFKUser.framework/Versions/A/AFKUser
0x00000001b7fb4000 	/System/Library/Frameworks/MediaAccessibility.framework/Versions/A/MediaAccessibility
0x000000028ec0f000 	/System/Library/PrivateFrameworks/VideoToolboxParavirtualizationSupport.framework/Versions/A/VideoToolboxParavirtualizationSupport
0x00000001b1321000 	/System/Library/PrivateFrameworks/AppleVA.framework/Versions/A/AppleVA
0x00000001b2141000 	/System/Library/PrivateFrameworks/GPUWrangler.framework/Versions/A/GPUWrangler
0x00000001b2121000 	/System/Library/PrivateFrameworks/IOPresentment.framework/Versions/A/IOPresentment
0x00000001b2149000 	/System/Library/PrivateFrameworks/DSExternalDisplay.framework/Versions/A/DSExternalDisplay
0x00000002517a7000 	/System/Library/PrivateFrameworks/AppleMobileFileIntegrity.framework/Versions/A/AppleMobileFileIntegrity
0x000000029907c000 	/usr/lib/libTLE.dylib
0x00000002022f8000 	/System/Library/PrivateFrameworks/ConfigProfileHelper.framework/Versions/A/ConfigProfileHelper
0x00000001f70e1000 	/usr/lib/libedit.3.dylib
0x00000001d144f000 	/usr/lib/libncurses.5.4.dylib
0x00000001ae8b6000 	/System/Library/PrivateFrameworks/CoreEmoji.framework/Versions/A/CoreEmoji
0x00000001a150b000 	/usr/lib/libCRFSuite.dylib
0x00000001ad68a000 	/System/Library/PrivateFrameworks/CoreNLP.framework/Versions/A/CoreNLP
0x00000001aec2e000 	/usr/lib/libmecab.dylib
0x00000001afb15000 	/usr/lib/libThaiTokenizer.dylib
0x000000025423e000 	/System/Library/PrivateFrameworks/CascadeSets.framework/Versions/A/CascadeSets
0x00000001b25df000 	/System/Library/PrivateFrameworks/DataDetectorsCore.framework/Versions/A/DataDetectorsCore
0x0000000245160000 	/System/Library/Frameworks/DataDetection.framework/Versions/A/DataDetection
0x00000001d0063000 	/System/Library/PrivateFrameworks/TextInput.framework/Versions/A/TextInput
0x0000000244c22000 	/System/Library/Frameworks/CoreTransferable.framework/Versions/A/CoreTransferable
0x00000001b3eb6000 	/System/Library/PrivateFrameworks/NetAuth.framework/Versions/A/NetAuth
0x00000001aa61e000 	/System/Library/PrivateFrameworks/login.framework/Versions/A/Frameworks/loginsupport.framework/Versions/A/loginsupport
0x00000001a5b43000 	/System/Library/PrivateFrameworks/UIFoundation.framework/Versions/A/UIFoundation
0x00000001b1600000 	/System/Library/PrivateFrameworks/Heimdal.framework/Versions/A/Heimdal
0x00000001b3b4f000 	/usr/lib/libresolv.9.dylib
0x00000001b3f51000 	/System/Library/PrivateFrameworks/CommonAuth.framework/Versions/A/CommonAuth
0x00000001aebf8000 	/usr/lib/libCheckFix.dylib
0x00000001a979e000 	/System/Library/PrivateFrameworks/MetadataUtilities.framework/Versions/A/MetadataUtilities
0x000000026a33d000 	/System/Library/PrivateFrameworks/InstalledContentLibrary.framework/Versions/A/InstalledContentLibrary
0x00000001a427d000 	/System/Library/PrivateFrameworks/CoreServicesStore.framework/Versions/A/CoreServicesStore
0x00000001aa465000 	/usr/lib/libapp_launch_measurement.dylib
0x00000001df5cf000 	/System/Library/PrivateFrameworks/MobileSystemServices.framework/Versions/A/MobileSystemServices
0x00000001b0fca000 	/usr/lib/libxslt.1.dylib
0x00000001aebb7000 	/System/Library/PrivateFrameworks/BackgroundTaskManagement.framework/Versions/A/BackgroundTaskManagement
0x00000001bbea1000 	/usr/lib/libcurl.4.dylib
0x00000002992b5000 	/usr/lib/libcrypto.46.dylib
0x0000000299f56000 	/usr/lib/libssl.48.dylib
0x00000001bbb77000 	/System/Library/Frameworks/LDAP.framework/Versions/A/LDAP
0x00000001b3eed000 	/System/Library/Frameworks/Kerberos.framework/Versions/A/Kerberos
0x00000001bbbb3000 	/System/Library/PrivateFrameworks/TrustEvaluationAgent.framework/Versions/A/TrustEvaluationAgent
0x00000001b3b6c000 	/usr/lib/libsasl2.2.dylib
0x00000001bc7f0000 	/System/Library/Frameworks/Kerberos.framework/Versions/A/Libraries/libHeimdalProxy.dylib
0x000000027a260000 	/System/Library/PrivateFrameworks/PoirotSQLite.framework/Versions/A/PoirotSQLite
0x00000001f1691000 	/System/Library/PrivateFrameworks/HIDDisplay.framework/Versions/A/HIDDisplay
0x00000001b3e57000 	/usr/lib/libcups.2.dylib
0x00000001c550d000 	/System/Library/PrivateFrameworks/AXCoreUtilities.framework/Versions/A/AXCoreUtilities
0x00000001d51f5000 	/System/Library/PrivateFrameworks/AttributeGraph.framework/Versions/A/AttributeGraph
0x0000000298a92000 	/usr/lib/libAXSafeCategoryBundle.dylib
0x00000001bedd7000 	/System/Library/Frameworks/Cocoa.framework/Versions/A/Cocoa
0x00000001a4416000 	/System/Library/Frameworks/AppKit.framework/Versions/C/AppKit
0x000000025558b000 	/System/Library/PrivateFrameworks/CollectionViewCore.framework/Versions/A/CollectionViewCore
0x00000001acd3f000 	/System/Library/PrivateFrameworks/XCTTargetBootstrap.framework/Versions/A/XCTTargetBootstrap
0x00000001b2631000 	/System/Library/PrivateFrameworks/UserActivity.framework/Versions/A/UserActivity
0x000000025dc87000 	/System/Library/PrivateFrameworks/FrontBoard.framework/Versions/A/FrontBoard
0x000000028c9c3000 	/System/Library/PrivateFrameworks/UIIntelligenceSupport.framework/Versions/A/UIIntelligenceSupport
0x000000024a5f3000 	/System/Library/Frameworks/SwiftUICore.framework/Versions/A/SwiftUICore
0x0000000292e75000 	/System/Library/PrivateFrameworks/WritingTools.framework/Versions/A/WritingTools
0x0000000291cc8000 	/System/Library/PrivateFrameworks/WindowManagement.framework/Versions/A/WindowManagement
0x000000025d9c0000 	/System/Library/PrivateFrameworks/FocusEngine.framework/Versions/A/FocusEngine
0x000000025b674000 	/System/Library/PrivateFrameworks/DesignLibrary.framework/Versions/A/DesignLibrary
0x00000001acd2a000 	/System/Library/PrivateFrameworks/DFRFoundation.framework/Versions/A/DFRFoundation
0x000000028d56f000 	/System/Library/PrivateFrameworks/UpdateCycle.framework/Versions/A/UpdateCycle
0x00000001aca27000 	/System/Library/Frameworks/Carbon.framework/Versions/A/Frameworks/HIToolbox.framework/Versions/A/HIToolbox
0x00000001b78e5000 	/System/Library/Frameworks/Carbon.framework/Versions/A/Frameworks/SpeechRecognition.framework/Versions/A/SpeechRecognition
0x00000001aa3f6000 	/System/Library/PrivateFrameworks/PerformanceAnalysis.framework/Versions/A/PerformanceAnalysis
0x00000001b7c6a000 	/System/Library/Frameworks/Accessibility.framework/Versions/A/Accessibility
0x000000024b565000 	/System/Library/Frameworks/Symbols.framework/Versions/A/Symbols
0x0000000266acf000 	/System/Library/PrivateFrameworks/Gestures.framework/Versions/A/Gestures
0x00000001c9361000 	/usr/lib/swift/libswiftCoreGraphics.dylib
0x00000001b86b0000 	/usr/lib/swift/libswiftFoundation.dylib
0x0000000201cb6000 	/usr/lib/swift/libswiftSwiftOnoneSupport.dylib
0x000000029a5c5000 	/usr/lib/swift/libswiftsys_time.dylib
0x00000001ed5b8000 	/System/Library/PrivateFrameworks/CoreMaterial.framework/Versions/A/CoreMaterial
0x000000029a30b000 	/usr/lib/swift/libswiftSpatial.dylib
0x0000000299079000 	/usr/lib/libSpatial.dylib
0x00000002989b0000 	/System/Library/SubFrameworks/UIUtilities.framework/Versions/A/UIUtilities
0x0000000105f68000 	/Users/apusmac/Library/Java/JavaVirtualMachines/openjdk-26.0.2.1/Contents/Home/lib/server/libjvm.dylib
0x000000010016c000 	/Users/apusmac/Library/Java/JavaVirtualMachines/openjdk-26.0.2.1/Contents/Home/lib/libjimage.dylib
0x0000000100198000 	/Users/apusmac/Library/Java/JavaVirtualMachines/openjdk-26.0.2.1/Contents/Home/lib/libinstrument.dylib
0x00000001001e0000 	/Users/apusmac/Library/Java/JavaVirtualMachines/openjdk-26.0.2.1/Contents/Home/lib/libjava.dylib
0x0000000100470000 	/Users/apusmac/Library/Java/JavaVirtualMachines/openjdk-26.0.2.1/Contents/Home/lib/libzip.dylib
0x0000000100490000 	/Users/apusmac/Library/Java/JavaVirtualMachines/openjdk-26.0.2.1/Contents/Home/lib/libnio.dylib
0x00000001004b0000 	/Users/apusmac/Library/Java/JavaVirtualMachines/openjdk-26.0.2.1/Contents/Home/lib/libnet.dylib
0x00000001004c8000 	/Users/apusmac/Library/Java/JavaVirtualMachines/openjdk-26.0.2.1/Contents/Home/lib/libextnet.dylib
0x00000001004dc000 	/Users/apusmac/Library/Java/JavaVirtualMachines/openjdk-26.0.2.1/Contents/Home/lib/libmanagement.dylib
0x00000001004f0000 	/Users/apusmac/Library/Java/JavaVirtualMachines/openjdk-26.0.2.1/Contents/Home/lib/libmanagement_ext.dylib
0x0000000100504000 	/Users/apusmac/.openjfx/cache/21.0.5+1/aarch64/libprism_es2.dylib
0x00000001cad5d000 	/System/Library/Frameworks/Carbon.framework/Versions/A/Carbon
0x00000001c134b000 	/System/Library/Frameworks/Carbon.framework/Versions/A/Frameworks/CommonPanels.framework/Versions/A/CommonPanels
0x00000001bbe8c000 	/System/Library/Frameworks/Carbon.framework/Versions/A/Frameworks/Help.framework/Versions/A/Help
0x00000001c134f000 	/System/Library/Frameworks/Carbon.framework/Versions/A/Frameworks/ImageCapture.framework/Versions/A/ImageCapture
0x00000001c132a000 	/System/Library/Frameworks/Carbon.framework/Versions/A/Frameworks/OpenScripting.framework/Versions/A/OpenScripting
0x00000001c134a000 	/System/Library/Frameworks/Carbon.framework/Versions/A/Frameworks/Ink.framework/Versions/A/Ink
0x00000001c1347000 	/System/Library/Frameworks/Carbon.framework/Versions/A/Frameworks/SecurityHI.framework/Versions/A/SecurityHI
0x0000000298ed3000 	/usr/lib/libInterpreterSecurity.dylib
0x00000001e11f7000 	/System/Library/PrivateFrameworks/XprotectFramework.framework/Versions/A/XprotectFramework
0x00000001c4966000 	/System/Library/PrivateFrameworks/yara.framework/Versions/A/yara
0x0000000298e50000 	/usr/lib/libEndpointSecuritySystem.dylib
0x000000020575b000 	/System/Library/Frameworks/OpenGL.framework/Versions/A/Resources/GLEngine.bundle/GLEngine
0x00000002055fd000 	/System/Library/Frameworks/OpenGL.framework/Versions/A/Libraries/libGLProgrammability.dylib
0x0000000105d54000 	/System/Library/Extensions/AppleMetalOpenGLRenderer.bundle/Contents/MacOS/AppleMetalOpenGLRenderer
0x00000002058bc000 	/System/Library/Frameworks/OpenGL.framework/Versions/A/Resources/GLRendererFloat.bundle/GLRendererFloat
0x000000012a4dc000 	/System/Library/Extensions/AGXMetal13_3.bundle/Contents/MacOS/AGXMetal13_3
0x00000001c4664000 	/System/Library/PrivateFrameworks/IOGPU.framework/Versions/A/IOGPU
0x0000000122d04000 	/Users/apusmac/.openjfx/cache/21.0.5+1/aarch64/libglass.dylib
0x0000000205da4000 	/System/Library/Frameworks/AppIntents.framework/Versions/A/AppIntents
0x0000000249d0a000 	/System/Library/Frameworks/RelevanceKit.framework/Versions/A/RelevanceKit
0x00000001af75b000 	/System/Library/Frameworks/CoreSpotlight.framework/Versions/A/CoreSpotlight
0x000000026e58a000 	/System/Library/PrivateFrameworks/LinkServices.framework/Versions/A/LinkServices
0x000000025c007000 	/System/Library/PrivateFrameworks/DoNotDisturb.framework/Versions/A/DoNotDisturb
0x000000026e3e3000 	/System/Library/PrivateFrameworks/LinkMetadata.framework/Versions/A/LinkMetadata
0x00000001cc3c6000 	/usr/lib/swift/libswiftIntents.dylib
0x00000001d15a9000 	/System/Library/PrivateFrameworks/IntentsCore.framework/Versions/A/IntentsCore
0x00000002521ff000 	/System/Library/PrivateFrameworks/AvailabilityKit.framework/Versions/A/AvailabilityKit
0x000000024f5ed000 	/System/Library/PrivateFrameworks/AppIntentSchemas.framework/Versions/A/AppIntentSchemas
0x00000002638a8000 	/System/Library/PrivateFrameworks/GRDBInternal.framework/Versions/A/GRDBInternal
0x0000000286d54000 	/System/Library/PrivateFrameworks/StatusKit.framework/Versions/A/StatusKit
0x00000001b922b000 	/System/Library/PrivateFrameworks/GenerationalStorage.framework/Versions/A/GenerationalStorage
0x00000001b9053000 	/System/Library/Frameworks/FileProvider.framework/Versions/A/FileProvider
0x00000001a5d15000 	/System/Library/PrivateFrameworks/DesktopServicesPriv.framework/Versions/A/DesktopServicesPriv
0x00000001a803f000 	/System/Library/Frameworks/Accounts.framework/Versions/A/Accounts
0x00000001cbe32000 	/System/Library/PrivateFrameworks/FTServices.framework/Versions/A/FTServices
0x00000001c4610000 	/System/Library/PrivateFrameworks/CloudServices.framework/Versions/A/CloudServices
0x00000001bb6d0000 	/System/Library/PrivateFrameworks/CoreWiFi.framework/Versions/A/CoreWiFi
0x00000001abfab000 	/System/Library/Frameworks/CoreLocation.framework/Versions/A/CoreLocation
0x00000001bb067000 	/System/Library/Frameworks/Intents.framework/Versions/A/Intents
0x000000024c4b2000 	/System/Library/Frameworks/_LocationEssentials.framework/Versions/A/_LocationEssentials
0x00000001b5aee000 	/System/Library/PrivateFrameworks/GeoServices.framework/Versions/A/GeoServices
0x00000001b37d7000 	/System/Library/PrivateFrameworks/LocationSupport.framework/Versions/A/LocationSupport
0x0000000266929000 	/System/Library/PrivateFrameworks/GeoServicesCore.framework/Versions/A/GeoServicesCore
0x00000001c5501000 	/System/Library/PrivateFrameworks/PhoneNumbers.framework/Versions/A/PhoneNumbers
0x00000001af70a000 	/System/Library/Frameworks/UserNotifications.framework/Versions/A/UserNotifications
0x00000001b5380000 	/System/Library/PrivateFrameworks/Sharing.framework/Versions/A/Sharing
0x00000001b4f10000 	/System/Library/PrivateFrameworks/IDSFoundation.framework/Versions/A/IDSFoundation
0x00000001bb6cf000 	/System/Library/PrivateFrameworks/Apple80211.framework/Versions/A/Apple80211
0x00000001af3b1000 	/System/Library/PrivateFrameworks/AuthKit.framework/Versions/A/AuthKit
0x00000001ae8fe000 	/System/Library/Frameworks/CoreWLAN.framework/Versions/A/CoreWLAN
0x00000001d2a44000 	/usr/lib/swift/libswiftCoreLocation.dylib
0x00000001b375e000 	/System/Library/PrivateFrameworks/IMFoundation.framework/Versions/A/IMFoundation
0x00000001c4965000 	/System/Library/PrivateFrameworks/Marco.framework/Versions/A/Marco
0x00000001a80c9000 	/System/Library/PrivateFrameworks/CommonUtilities.framework/Versions/A/CommonUtilities
0x00000001c1312000 	/System/Library/PrivateFrameworks/Engram.framework/Versions/A/Engram
0x000000029a26a000 	/usr/lib/swift/libswiftRegexBuilder.dylib
0x00000001c12b0000 	/usr/lib/libtidy.A.dylib
0x00000001b1903000 	/System/Library/PrivateFrameworks/Bom.framework/Versions/A/Bom
0x00000001b3b8d000 	/usr/lib/libParallelCompression.dylib
0x00000001f920b000 	/System/Library/PrivateFrameworks/WiFiPeerToPeer.framework/Versions/A/WiFiPeerToPeer
0x0000000299a73000 	/usr/lib/libmrc.dylib
0x00000002698fa000 	/System/Library/PrivateFrameworks/IPConfiguration.framework/Versions/A/IPConfiguration
0x00000001ed57a000 	/System/Library/PrivateFrameworks/Netrb.framework/Versions/A/Netrb
0x00000001b3b7f000 	/System/Library/PrivateFrameworks/MultiverseSupport.framework/Versions/A/MultiverseSupport
0x00000001b8f2e000 	/System/Library/PrivateFrameworks/DiskManagement.framework/Versions/A/DiskManagement
0x00000001b8e3a000 	/System/Library/PrivateFrameworks/AppleIDAuthSupport.framework/Versions/A/AppleIDAuthSupport
0x000000024cd80000 	/System/Library/PrivateFrameworks/AAAFoundation.framework/Versions/A/AAAFoundation
0x00000001b408d000 	/System/Library/PrivateFrameworks/KeychainCircle.framework/Versions/A/KeychainCircle
0x00000001c5503000 	/System/Library/PrivateFrameworks/URLFormatting.framework/Versions/A/URLFormatting
0x00000001bbe95000 	/usr/lib/libcsfde.dylib
0x00000001b12b3000 	/usr/lib/libCoreStorage.dylib
0x00000001b5825000 	/System/Library/PrivateFrameworks/ProtectedCloudStorage.framework/Versions/A/ProtectedCloudStorage
0x00000001bbe90000 	/System/Library/PrivateFrameworks/EFILogin.framework/Versions/A/EFILogin
0x00000001b9252000 	/System/Library/PrivateFrameworks/OctagonTrust.framework/Versions/A/OctagonTrust
0x00000001b4d32000 	/System/Library/PrivateFrameworks/IDS.framework/Versions/A/IDS
0x00000001f3ed5000 	/System/Library/Frameworks/CryptoKit.framework/Versions/A/CryptoKit
0x00000001bc7ec000 	/System/Library/PrivateFrameworks/CryptoKitCBridging.framework/Versions/A/CryptoKitCBridging
0x00000001b9e2b000 	/System/Library/Frameworks/CryptoTokenKit.framework/Versions/A/CryptoTokenKit
0x00000001da85c000 	/System/Library/PrivateFrameworks/FTAWD.framework/Versions/A/FTAWD
0x00000001a43ba000 	/usr/lib/libsandbox.1.dylib
0x00000001b12ab000 	/usr/lib/libMatch.1.dylib
0x000000026e966000 	/System/Library/PrivateFrameworks/LocationLogEncryption.framework/Versions/A/LocationLogEncryption
0x00000001bc8af000 	/System/Library/PrivateFrameworks/IntentsFoundation.framework/Versions/A/IntentsFoundation
0x00000001aa2bd000 	/System/Library/PrivateFrameworks/ViewBridge.framework/Versions/A/ViewBridge
0x000000024c3be000 	/System/Library/Frameworks/_AppIntents_AppKit.framework/Versions/A/_AppIntents_AppKit
0x00000001d2a29000 	/System/Library/Frameworks/Accelerate.framework/Versions/A/Frameworks/vImage.framework/Versions/A/Libraries/libCGInterfaces.dylib
0x0000000122f8c000 	/usr/lib/libobjc-trampolines.dylib
0x0000000298a96000 	/usr/lib/libAccessibilityBaseImplementations.dylib
0x0000000292e7a000 	/System/Library/PrivateFrameworks/WritingToolsUI.framework/Versions/A/WritingToolsUI
0x00000002662e5000 	/System/Library/PrivateFrameworks/GenerativeAssistantSettings.framework/Versions/A/GenerativeAssistantSettings
0x00000002889ed000 	/System/Library/PrivateFrameworks/TextComposer.framework/Versions/A/TextComposer
0x00000002662bc000 	/System/Library/PrivateFrameworks/GenerativeAssistantCommon.framework/Versions/A/GenerativeAssistantCommon
0x00000001d3ab5000 	/System/Library/Frameworks/SwiftUI.framework/Versions/A/SwiftUI
0x000000024c3fd000 	/System/Library/Frameworks/_AuthenticationServices_SwiftUI.framework/Versions/A/_AuthenticationServices_SwiftUI
0x000000024f323000 	/System/Library/PrivateFrameworks/Anvil.framework/Versions/A/Anvil
0x00000001d3069000 	/System/Library/PrivateFrameworks/AppStoreDaemon.framework/Versions/A/AppStoreDaemon
0x00000001bee2a000 	/System/Library/PrivateFrameworks/AppleMediaServices.framework/Versions/A/AppleMediaServices
0x00000002667b4000 	/System/Library/PrivateFrameworks/GenerativePartnerServiceUI.framework/Versions/A/GenerativePartnerServiceUI
0x000000020123b000 	/System/Library/PrivateFrameworks/JetEngine.framework/Versions/A/JetEngine
0x00000002888ca000 	/System/Library/PrivateFrameworks/TextAnimationSupport.framework/Versions/A/TextAnimationSupport
0x000000027bd9d000 	/System/Library/PrivateFrameworks/RecapPerformanceTesting.framework/Versions/A/RecapPerformanceTesting
0x00000001ccc96000 	/System/Library/PrivateFrameworks/SignpostCollection.framework/Versions/A/SignpostCollection
0x00000002520c1000 	/System/Library/PrivateFrameworks/AuthenticationServicesCore.framework/Versions/A/AuthenticationServicesCore
0x00000001d6426000 	/System/Library/Frameworks/AuthenticationServices.framework/Versions/A/AuthenticationServices
0x00000001b1245000 	/System/Library/PrivateFrameworks/SharedWebCredentials.framework/Versions/A/SharedWebCredentials
0x00000001cdb2d000 	/System/Library/PrivateFrameworks/SafariCore.framework/Versions/A/SafariCore
0x00000001d5f64000 	/System/Library/PrivateFrameworks/SafariFoundation.framework/Versions/A/SafariFoundation
0x00000001b896f000 	/System/Library/Frameworks/Contacts.framework/Versions/A/Contacts
0x00000002532fd000 	/System/Library/PrivateFrameworks/CBORLibrary.framework/Versions/A/CBORLibrary
0x00000002542d6000 	/System/Library/PrivateFrameworks/Chirp.framework/Versions/A/Chirp
0x0000000254ed0000 	/System/Library/PrivateFrameworks/CloudSubscriptionFeatures.framework/Versions/A/CloudSubscriptionFeatures
0x00000001b86b1000 	/System/Library/PrivateFrameworks/ContactsFoundation.framework/Versions/A/ContactsFoundation
0x0000000202627000 	/System/Library/PrivateFrameworks/RemoteManagement.framework/Versions/A/RemoteManagement
0x000000027c12b000 	/System/Library/PrivateFrameworks/RemoteManagementModel.framework/Versions/A/RemoteManagementModel
0x000000027c1bc000 	/System/Library/PrivateFrameworks/RemoteManagementStore.framework/Versions/A/RemoteManagementStore
0x00000001b5934000 	/usr/lib/libxcselect.dylib
0x00000001d5ed3000 	/System/Library/PrivateFrameworks/DifferentialPrivacy.framework/Versions/A/DifferentialPrivacy
0x0000000270cb2000 	/System/Library/PrivateFrameworks/ManagedSettingsObjC.framework/Versions/A/ManagedSettingsObjC
0x000000026e96b000 	/System/Library/PrivateFrameworks/LockdownMode.framework/Versions/A/LockdownMode
0x000000028d863000 	/System/Library/PrivateFrameworks/VDAF.framework/Versions/A/VDAF
0x00000001b8789000 	/System/Library/PrivateFrameworks/ContactsPersistence.framework/Versions/A/ContactsPersistence
0x00000001b78e9000 	/System/Library/PrivateFrameworks/AppleLDAP.framework/Versions/A/AppleLDAP
0x00000001bc243000 	/System/Library/Frameworks/ClassKit.framework/Versions/A/ClassKit
0x00000001be4d5000 	/System/Library/PrivateFrameworks/CoreSuggestions.framework/Versions/A/CoreSuggestions
0x00000001b9dd9000 	/System/Library/PrivateFrameworks/vCard.framework/Versions/A/vCard
0x0000000255b57000 	/System/Library/PrivateFrameworks/ContactsMetrics.framework/Versions/A/ContactsMetrics
0x00000001b16c1000 	/System/Library/PrivateFrameworks/login.framework/Versions/A/login
0x0000000270cac000 	/System/Library/PrivateFrameworks/ManagedOrganizationContacts.framework/Versions/A/ManagedOrganizationContacts
0x00000001aaaa2000 	/System/Library/PrivateFrameworks/CloudDocs.framework/Versions/A/CloudDocs
0x00000001c4ec3000 	/System/Library/PrivateFrameworks/ProactiveEventTracker.framework/Versions/A/ProactiveEventTracker
0x00000001b3c2f000 	/System/Library/PrivateFrameworks/CoreFollowUp.framework/Versions/A/CoreFollowUp
0x00000001bda06000 	/System/Library/PrivateFrameworks/ConfigurationProfiles.framework/Versions/A/ConfigurationProfiles
0x000000025b1ac000 	/System/Library/PrivateFrameworks/DMCUtilities.framework/Versions/A/DMCUtilities
0x000000026e9ec000 	/System/Library/PrivateFrameworks/MDMClientLibrary.framework/Versions/A/MDMClientLibrary
0x000000027c1b0000 	/System/Library/PrivateFrameworks/RemoteManagementProtocol.framework/Versions/A/RemoteManagementProtocol
0x00000001b7fcc000 	/System/Library/PrivateFrameworks/SystemAdministration.framework/Versions/A/SystemAdministration
0x00000001c2e71000 	/System/Library/PrivateFrameworks/PowerlogControl.framework/Versions/A/PowerlogControl
0x00000001aebe9000 	/System/Library/Frameworks/ServiceManagement.framework/Versions/A/ServiceManagement
0x00000001c2e73000 	/usr/lib/libUniversalAccess.dylib
0x00000001bf855000 	/System/Library/PrivateFrameworks/FamilyControls.framework/Versions/A/FamilyControls
0x00000001b78bf000 	/System/Library/Frameworks/DirectoryService.framework/Versions/A/DirectoryService
0x00000001bbf23000 	/System/Library/PrivateFrameworks/LoginUIKit.framework/Versions/A/Frameworks/LoginUICore.framework/Versions/A/LoginUICore
0x00000001b1901000 	/usr/lib/libodfde.dylib
0x00000001bf84f000 	/System/Library/PrivateFrameworks/UniversalAccess.framework/Versions/A/Libraries/libUAPreferences.dylib
0x00000001bf879000 	/System/Library/PrivateFrameworks/CommerceKit.framework/Versions/A/Frameworks/CommerceCore.framework/Versions/A/CommerceCore
0x000000025b118000 	/System/Library/PrivateFrameworks/DEPClientLibrary.framework/Versions/A/DEPClientLibrary
0x000000025b141000 	/System/Library/PrivateFrameworks/DMCEnrollmentLibrary.framework/Versions/A/DMCEnrollmentLibrary
0x00000001c2f55000 	/System/Library/PrivateFrameworks/SetupAssistantFramework.framework/Versions/A/SetupAssistantFramework
0x00000001bc628000 	/System/Library/PrivateFrameworks/AuthKitUI.framework/Versions/A/AuthKitUI
0x00000001bbf6d000 	/System/Library/PrivateFrameworks/AppSSO.framework/Versions/A/AppSSO
0x00000001d2dc6000 	/System/Library/PrivateFrameworks/LocalAuthenticationUI.framework/Versions/A/LocalAuthenticationUI
0x0000000279ede000 	/System/Library/PrivateFrameworks/PlatformSSO.framework/Versions/A/PlatformSSO
0x00000001d3879000 	/System/Library/PrivateFrameworks/AOSUI.framework/Versions/A/AOSUI
0x00000001c4c8c000 	/System/Library/Frameworks/ContactsUI.framework/Versions/A/ContactsUI
0x00000001b8bfc000 	/System/Library/PrivateFrameworks/FamilyCircle.framework/Versions/A/FamilyCircle
0x00000001e15de000 	/System/Library/Frameworks/LinkPresentation.framework/Versions/A/LinkPresentation
0x0000000246699000 	/System/Library/Frameworks/LocalAuthenticationEmbeddedUI.framework/Versions/A/LocalAuthenticationEmbeddedUI
0x0000000279fcb000 	/System/Library/PrivateFrameworks/PlatformSSOCore.framework/Versions/A/PlatformSSOCore
0x00000001c484c000 	/System/Library/PrivateFrameworks/IASUtilities.framework/Versions/A/IASUtilities
0x00000002697c3000 	/System/Library/PrivateFrameworks/IASUtilitiesCore.framework/Versions/A/IASUtilitiesCore
0x00000001ccca6000 	/System/Library/PrivateFrameworks/OnBoardingKit.framework/Versions/A/OnBoardingKit
0x000000027c226000 	/System/Library/PrivateFrameworks/RemoteUI.framework/Versions/A/RemoteUI
0x00000001c9440000 	/System/Library/Frameworks/WebKit.framework/Versions/A/WebKit
0x00000001c1352000 	/System/Library/Frameworks/JavaScriptCore.framework/Versions/A/JavaScriptCore
0x000000026dd7a000 	/System/Library/PrivateFrameworks/LiftUI.framework/Versions/A/LiftUI
0x000000027e766000 	/System/Library/PrivateFrameworks/Settings.framework/Versions/A/Settings
0x0000000293487000 	/System/Library/PrivateFrameworks/_IconServices_SwiftUI.framework/Versions/A/_IconServices_SwiftUI
0x00000002445c4000 	/System/Library/Frameworks/BrowserEngineCore.framework/Versions/A/BrowserEngineCore
0x00000001be7d4000 	/System/Library/Frameworks/WebKit.framework/Versions/A/Frameworks/WebKitLegacy.framework/Versions/A/WebKitLegacy
0x00000001bc5d0000 	/System/Library/PrivateFrameworks/CorePrediction.framework/Versions/A/CorePrediction
0x00000001ab3ac000 	/System/Library/Frameworks/WebKit.framework/Versions/A/Frameworks/WebCore.framework/Versions/A/Frameworks/libwebrtc.dylib
0x00000001c93cb000 	/System/Library/PrivateFrameworks/SafariSafeBrowsing.framework/Versions/A/SafariSafeBrowsing
0x00000001b3bf5000 	/System/Library/Frameworks/SecurityInterface.framework/Versions/A/SecurityInterface
0x00000001ccca5000 	/System/Library/PrivateFrameworks/WebInspectorUI.framework/Versions/A/WebInspectorUI
0x00000001c5645000 	/System/Library/Frameworks/WebKit.framework/Versions/A/Frameworks/WebCore.framework/Versions/A/WebCore
0x000000024bf7e000 	/System/Library/Frameworks/WebKit.framework/Versions/A/Frameworks/WebCore.framework/Versions/A/Frameworks/libANGLE-shared.dylib
0x0000000291755000 	/System/Library/PrivateFrameworks/WebGPU.framework/Versions/A/WebGPU
0x00000001ceb4b000 	/System/Library/Frameworks/SceneKit.framework/Versions/A/SceneKit
0x00000001dfe22000 	/System/Library/Frameworks/ModelIO.framework/Versions/A/ModelIO
0x00000001b5916000 	/System/Library/Frameworks/MetalKit.framework/Versions/A/MetalKit
0x00000001b7bed000 	/System/Library/Frameworks/GLKit.framework/Versions/A/GLKit
0x000000029a89c000 	/usr/lib/usd/libusd_ms.dylib
0x000000028cc82000 	/System/Library/PrivateFrameworks/USDLib_FormatLoaderProxy.framework/Versions/A/USDLib_FormatLoaderProxy
0x000000029a5c0000 	/usr/lib/swift/libswift_errno.dylib
0x00000001cbe13000 	/System/Library/PrivateFrameworks/CoreOptimization.framework/Versions/A/CoreOptimization
0x00000002453e3000 	/System/Library/Frameworks/ExtensionKit.framework/Versions/A/ExtensionKit
0x0000000254e15000 	/System/Library/PrivateFrameworks/CloudSettings.framework/Versions/A/CloudSettings
0x0000000245426000 	/System/Library/Frameworks/FSKit.framework/Versions/A/FSKit
0x000000026e718000 	/System/Library/PrivateFrameworks/LiveFS.framework/Versions/A/LiveFS
0x00000001be5a6000 	/System/Library/Frameworks/EventKit.framework/Versions/A/EventKit
0x00000001cceb9000 	/System/Library/PrivateFrameworks/SearchFoundation.framework/Versions/A/SearchFoundation
0x00000001e3699000 	/System/Library/PrivateFrameworks/Email.framework/Versions/A/Email
0x00000001cb9e2000 	/System/Library/PrivateFrameworks/CoreRoutine.framework/Versions/A/CoreRoutine
0x0000000201f96000 	/System/Library/PrivateFrameworks/VoiceShortcutClient.framework/Versions/A/VoiceShortcutClient
0x00000001db3d4000 	/System/Library/PrivateFrameworks/Categories.framework/Versions/A/Categories
0x00000001d3728000 	/System/Library/PrivateFrameworks/ChronoServices.framework/Versions/A/ChronoServices
0x0000000253da0000 	/System/Library/PrivateFrameworks/CalendarDatabase.framework/Versions/A/CalendarDatabase
0x0000000253cea000 	/System/Library/PrivateFrameworks/CalendarDaemon.framework/Versions/A/CalendarDaemon
0x00000001bd92a000 	/System/Library/PrivateFrameworks/CalendarFoundation.framework/Versions/A/CalendarFoundation
0x00000001bd8e6000 	/System/Library/PrivateFrameworks/iCalendar.framework/Versions/A/iCalendar
0x000000025b3ab000 	/System/Library/PrivateFrameworks/DataAccessExpress.framework/Versions/A/DataAccessExpress
0x00000001c4ded000 	/System/Library/PrivateFrameworks/ContactsAutocomplete.framework/Versions/A/ContactsAutocomplete
0x000000029a3aa000 	/usr/lib/swift/libswiftVideoToolbox.dylib
0x00000001d3676000 	/System/Library/PrivateFrameworks/FTClientServices.framework/Versions/A/FTClientServices
0x000000029a21b000 	/usr/lib/swift/libswiftCoreMediaIO.dylib
0x00000001c46d6000 	/System/Library/PrivateFrameworks/CoreDAV.framework/Versions/A/CoreDAV
0x00000001be476000 	/System/Library/PrivateFrameworks/CalDAV.framework/Versions/A/CalDAV
0x00000001c90c8000 	/System/Library/PrivateFrameworks/TelephonyUtilities.framework/Versions/A/TelephonyUtilities
0x0000000246656000 	/System/Library/Frameworks/LiveCommunicationKit.framework/Versions/A/LiveCommunicationKit
0x0000000255707000 	/System/Library/PrivateFrameworks/CommunicationTrust.framework/Versions/A/CommunicationTrust
0x00000001cd945000 	/System/Library/Frameworks/CallKit.framework/Versions/A/CallKit
0x00000001b8bf4000 	/System/Library/PrivateFrameworks/CommunicationsFilter.framework/Versions/A/CommunicationsFilter
0x00000001f721c000 	/System/Library/PrivateFrameworks/IMTransferServices.framework/Versions/A/IMTransferServices
0x00000001cbe2c000 	/System/Library/PrivateFrameworks/IncomingCallFilter.framework/Versions/A/IncomingCallFilter
0x0000000274ac5000 	/System/Library/PrivateFrameworks/NeighborhoodActivityConduit.framework/Versions/A/NeighborhoodActivityConduit
0x00000001cfe13000 	/System/Library/PrivateFrameworks/CallHistory.framework/Versions/A/CallHistory
0x0000000298cc3000 	/usr/lib/libBASupport.dylib
0x00000002541b7000 	/System/Library/PrivateFrameworks/CallsUtilities.framework/Versions/A/CallsUtilities
0x00000002541c2000 	/System/Library/PrivateFrameworks/CallsXPC.framework/Versions/A/CallsXPC
0x0000000202788000 	/usr/lib/swift/libswiftCallKit.dylib
0x00000002541aa000 	/System/Library/PrivateFrameworks/CallsPersistence.framework/Versions/A/CallsPersistence
0x0000000249fe1000 	/System/Library/Frameworks/SensitiveContentAnalysis.framework/Versions/A/SensitiveContentAnalysis
0x00000001d0e39000 	/System/Library/PrivateFrameworks/PeopleSuggester.framework/Versions/A/PeopleSuggester
0x00000001da224000 	/System/Library/PrivateFrameworks/SpotlightReceiver.framework/Versions/A/SpotlightReceiver
0x000000029344e000 	/System/Library/PrivateFrameworks/_AppIntentsServices_AppIntents.framework/Versions/A/_AppIntentsServices_AppIntents
0x000000024f657000 	/System/Library/PrivateFrameworks/AppIntentsServices.framework/Versions/A/AppIntentsServices
0x00000001bd8ce000 	/System/Library/PrivateFrameworks/CoreRecents.framework/Versions/A/CoreRecents
0x0000000245b2c000 	/System/Library/Frameworks/GeoToolbox.framework/Versions/A/GeoToolbox
0x000000024c47e000 	/System/Library/Frameworks/_GeoToolbox_AppIntents.framework/Versions/A/_GeoToolbox_AppIntents
0x00000001ecfb0000 	/System/Library/PrivateFrameworks/DiagnosticRequest.framework/Versions/A/DiagnosticRequest
0x0000000293392000 	/System/Library/PrivateFrameworks/XPCDistributed.framework/Versions/A/XPCDistributed
0x000000027be33000 	/System/Library/PrivateFrameworks/RegulatoryDomain.framework/Versions/A/RegulatoryDomain
0x00000001b7cc5000 	/usr/lib/libCTGreenTeaLogger.dylib
0x000000026e93d000 	/System/Library/PrivateFrameworks/LocalStatusKit.framework/Versions/A/LocalStatusKit
0x00000001c8fb4000 	/System/Library/PrivateFrameworks/CoreParsec.framework/Versions/A/CoreParsec
0x00000001e368d000 	/System/Library/PrivateFrameworks/EmailAddressing.framework/Versions/A/EmailAddressing
0x00000001df695000 	/System/Library/PrivateFrameworks/EmailCore.framework/Versions/A/EmailCore
0x00000001e06be000 	/System/Library/PrivateFrameworks/EmailFoundation.framework/Versions/A/EmailFoundation
0x0000000277a60000 	/System/Library/PrivateFrameworks/PegasusAPI.framework/Versions/A/PegasusAPI
0x00000002785b4000 	/System/Library/PrivateFrameworks/PegasusConfiguration.framework/Versions/A/PegasusConfiguration
0x000000028b4ef000 	/System/Library/PrivateFrameworks/ToolKit.framework/Versions/A/ToolKit
0x000000027c5bb000 	/System/Library/PrivateFrameworks/ReplicatorEngine.framework/Versions/A/ReplicatorEngine
0x000000027c75a000 	/System/Library/PrivateFrameworks/ReplicatorServices.framework/Versions/A/ReplicatorServices
0x0000000288257000 	/System/Library/PrivateFrameworks/SystemWake.framework/Versions/A/SystemWake
0x00000001cdb13000 	/System/Library/PrivateFrameworks/ContextKit.framework/Versions/A/ContextKit
0x0000000255ca3000 	/System/Library/PrivateFrameworks/ContextKitCore.framework/Versions/A/ContextKitCore
0x00000001cc0b2000 	/System/Library/Frameworks/LocalAuthentication.framework/Support/DaemonUtils.framework/Versions/A/DaemonUtils
0x000000026e8d2000 	/System/Library/PrivateFrameworks/LocalAuthenticationCoreUI.framework/Versions/A/LocalAuthenticationCoreUI
0x00000001cf499000 	/System/Library/PrivateFrameworks/BridgeXPC.framework/Versions/A/BridgeXPC
0x00000001ccd82000 	/System/Library/PrivateFrameworks/CoreKDL.framework/Versions/A/CoreKDL
0x00000001cb386000 	/System/Library/PrivateFrameworks/EmbeddedOSSupportHost.framework/Versions/A/EmbeddedOSSupportHost
0x00000001c032a000 	/System/Library/PrivateFrameworks/LoginUIKit.framework/Versions/A/LoginUIKit
0x00000001db8b8000 	/System/Library/PrivateFrameworks/StorageKit.framework/Versions/A/StorageKit
0x0000000203f45000 	/System/Library/Frameworks/DeviceCheck.framework/Versions/A/DeviceCheck
0x00000001db931000 	/System/Library/PrivateFrameworks/CoreWLANKit.framework/Versions/A/CoreWLANKit
0x0000000290af6000 	/System/Library/PrivateFrameworks/Wallpaper.framework/Versions/A/Wallpaper
0x000000029a236000 	/usr/lib/swift/libswiftGLKit.dylib
0x000000029a241000 	/usr/lib/swift/libswiftMetalKit.dylib
0x000000029a245000 	/usr/lib/swift/libswiftModelIO.dylib
0x000000029a308000 	/usr/lib/swift/libswiftSceneKit.dylib
0x000000025bcd6000 	/System/Library/PrivateFrameworks/DiskImages2.framework/Versions/A/DiskImages2
0x00000001e45c9000 	/System/Library/PrivateFrameworks/DynamicDesktop.framework/Versions/A/DynamicDesktop
0x0000000290c86000 	/System/Library/PrivateFrameworks/WallpaperFoundation.framework/Versions/A/WallpaperFoundation
0x0000000290ce4000 	/System/Library/PrivateFrameworks/WallpaperTypes.framework/Versions/A/WallpaperTypes
0x00000001f8f8f000 	/System/Library/PrivateFrameworks/SystemDesktopAppearance.framework/Versions/A/SystemDesktopAppearance
0x000000029652b000 	/System/Library/PrivateFrameworks/icloudMCCKit.framework/Versions/A/icloudMCCKit
0x00000002505ae000 	/System/Library/PrivateFrameworks/AppleAccountUI.framework/Versions/A/AppleAccountUI
0x00000001ed584000 	/System/Library/PrivateFrameworks/PreferencePanesSupport.framework/Versions/A/PreferencePanesSupport
0x00000001d3a2c000 	/System/Library/PrivateFrameworks/FindMyDeviceUI.framework/Versions/A/FindMyDeviceUI
0x0000000294172000 	/System/Library/PrivateFrameworks/iCloudQuotaUI.framework/Versions/A/iCloudQuotaUI
0x00000001ed738000 	/System/Library/PrivateFrameworks/CoreCDPUI.framework/Versions/A/CoreCDPUI
0x00000001cd874000 	/System/Library/PrivateFrameworks/CoreFollowUpUI.framework/Versions/A/CoreFollowUpUI
0x00000001da4a2000 	/System/Library/PrivateFrameworks/IMCore.framework/Versions/A/IMCore
0x00000001c2eda000 	/System/Library/PrivateFrameworks/CoreCDP.framework/Versions/A/CoreCDP
0x00000001bee16000 	/System/Library/PrivateFrameworks/AskPermission.framework/Versions/A/AskPermission
0x00000001d151a000 	/System/Library/Frameworks/Quartz.framework/Versions/A/Quartz
0x00000001dde6d000 	/System/Library/PrivateFrameworks/CloudPhotoServicesConfiguration.framework/Versions/A/CloudPhotoServicesConfiguration
0x00000001cfc38000 	/System/Library/PrivateFrameworks/CommerceKit.framework/Versions/A/CommerceKit
0x00000001df764000 	/System/Library/PrivateFrameworks/FindMyMac.framework/Versions/A/FindMyMac
0x00000001df638000 	/System/Library/Frameworks/PreferencePanes.framework/Versions/A/PreferencePanes
0x00000001d2eb1000 	/System/Library/Frameworks/AddressBook.framework/Versions/A/AddressBook
0x00000001bdd26000 	/System/Library/PrivateFrameworks/AOSAccounts.framework/Versions/A/AOSAccounts
0x00000001b7fc6000 	/System/Library/PrivateFrameworks/AppleSRP.framework/Versions/A/AppleSRP
0x00000001cbfc8000 	/System/Library/Frameworks/SafariServices.framework/Versions/A/SafariServices
0x00000001bc800000 	/System/Library/PrivateFrameworks/NetFSServer.framework/Versions/A/NetFSServer
0x00000001cea25000 	/System/Library/Frameworks/PDFKit.framework/Versions/A/PDFKit
0x000000024b57f000 	/System/Library/Frameworks/TabularData.framework/Versions/A/TabularData
0x000000029a25c000 	/usr/lib/swift/libswiftPassKit.dylib
0x00000001f15cd000 	/System/Library/Frameworks/PassKit.framework/Versions/A/PassKit
0x00000001c0436000 	/System/Library/PrivateFrameworks/PassKitCore.framework/Versions/A/PassKitCore
0x00000002773cf000 	/System/Library/PrivateFrameworks/PassKitMacHelperTemp.framework/Versions/A/PassKitMacHelperTemp
0x0000000276373000 	/System/Library/PrivateFrameworks/OSEligibility.framework/Versions/A/OSEligibility
0x0000000298c13000 	/usr/lib/libAppleSSE.dylib
0x00000001cc0fe000 	/System/Library/PrivateFrameworks/BiometricKit.framework/Versions/A/BiometricKit
0x000000027cd5e000 	/System/Library/PrivateFrameworks/SEService.framework/Versions/A/SEService
0x00000002454eb000 	/System/Library/Frameworks/FinanceKit.framework/Versions/A/FinanceKit
0x00000001d15c9000 	/System/Library/PrivateFrameworks/NearField.framework/Versions/A/NearField
0x0000000299012000 	/usr/lib/libSESShared.dylib
0x000000027cf5b000 	/System/Library/PrivateFrameworks/STSXPCHelperClient.framework/Versions/A/STSXPCHelperClient
0x00000001d32b9000 	/usr/lib/libnfshared.dylib
0x0000000287fdf000 	/System/Library/PrivateFrameworks/Symptoms.framework/Versions/A/Frameworks/SymptomPresentationFeed.framework/Versions/A/SymptomPresentationFeed
0x0000000250f93000 	/System/Library/PrivateFrameworks/AppleMediaServicesKitInternal.framework/Versions/A/AppleMediaServicesKitInternal
0x0000000251bc8000 	/System/Library/PrivateFrameworks/AsyncAlgorithmsInternal.framework/Versions/A/AsyncAlgorithmsInternal
0x0000000287d22000 	/System/Library/PrivateFrameworks/SymptomShared.framework/Versions/A/SymptomShared
0x00000001f4142000 	/System/Library/PrivateFrameworks/PassKitUIFoundation.framework/Versions/A/PassKitUIFoundation
0x00000001b78fb000 	/System/Library/Frameworks/MapKit.framework/Versions/A/MapKit
0x000000026685f000 	/System/Library/PrivateFrameworks/GeoAnalytics.framework/Versions/A/GeoAnalytics
0x00000001d32e7000 	/System/Library/PrivateFrameworks/Navigation.framework/Versions/A/Navigation
0x00000001dceba000 	/System/Library/PrivateFrameworks/VectorKit.framework/Versions/A/VectorKit
0x00000001c4917000 	/System/Library/PrivateFrameworks/VirtualGarage.framework/Versions/A/VirtualGarage
0x00000001d34c3000 	/System/Library/Frameworks/ExternalAccessory.framework/ExternalAccessory
0x00000001d34de000 	/System/Library/PrivateFrameworks/IAP.framework/Versions/A/IAP
0x00000001b7bb5000 	/System/Library/PrivateFrameworks/IOPlatformPluginFamily.framework/Versions/A/IOPlatformPluginFamily
0x0000000252202000 	/System/Library/PrivateFrameworks/AvatarKit.framework/Versions/A/AvatarKit
0x00000002522c1000 	/System/Library/PrivateFrameworks/AvatarPersistence.framework/Versions/A/AvatarPersistence
0x000000024b907000 	/System/Library/Frameworks/TipKit.framework/Versions/A/TipKit
0x00000001bff43000 	/System/Library/PrivateFrameworks/IMSharedUtilities.framework/Versions/A/IMSharedUtilities
0x000000029a1fb000 	/usr/lib/swift/libswiftAppleArchive.dylib
0x000000028d963000 	/System/Library/PrivateFrameworks/VFX.framework/Versions/A/VFX
0x00000001ef317000 	/System/Library/PrivateFrameworks/AppleCVA.framework/Versions/A/AppleCVA
0x00000002522c0000 	/System/Library/PrivateFrameworks/AvatarKitContent.framework/Versions/A/AvatarKitContent
0x00000002473e5000 	/System/Library/Frameworks/MetalFX.framework/Versions/A/MetalFX
0x000000025581f000 	/System/Library/PrivateFrameworks/CompositorNonUI.framework/Versions/A/CompositorNonUI
0x0000000205ad4000 	/System/Library/Frameworks/ARKit.framework/Versions/A/ARKit
0x000000024dfcc000 	/System/Library/PrivateFrameworks/ARKitCore.framework/Versions/A/ARKitCore
0x0000000298d0d000 	/usr/lib/libDisplayWarpSupport.dylib
0x0000000256f6e000 	/System/Library/PrivateFrameworks/CoreComposite.framework/Versions/A/CoreComposite
0x000000029914a000 	/usr/lib/libchannel.dylib
0x0000000299ec8000 	/usr/lib/librealtime_safety.dylib
0x000000024e059000 	/System/Library/PrivateFrameworks/ARKitFoundation.framework/Versions/A/ARKitFoundation
0x000000025064c000 	/System/Library/PrivateFrameworks/AppleDepth.framework/Versions/A/AppleDepth
0x00000002507c2000 	/System/Library/PrivateFrameworks/AppleDepthCore.framework/Versions/A/AppleDepthCore
0x00000001b7cee000 	/System/Library/PrivateFrameworks/CoreAppleCVA.framework/Versions/A/CoreAppleCVA
0x00000001c4a45000 	/System/Library/PrivateFrameworks/ContactsUICore.framework/Versions/A/ContactsUICore
0x00000001cbf34000 	/System/Library/PrivateFrameworks/ContactsDonation.framework/Versions/A/ContactsDonation
0x00000001cb7bb000 	/System/Library/PrivateFrameworks/DataDetectors.framework/Versions/A/DataDetectors
0x00000001be462000 	/System/Library/Frameworks/MediaLibrary.framework/Versions/A/MediaLibrary
0x00000001b8be3000 	/System/Library/PrivateFrameworks/PersonaKit.framework/Versions/A/PersonaKit
0x00000001c4a33000 	/System/Library/PrivateFrameworks/PersonaUI.framework/Versions/A/PersonaUI
0x00000001df05f000 	/System/Library/PrivateFrameworks/Transparency.framework/Versions/A/Transparency
0x000000025d6c0000 	/System/Library/PrivateFrameworks/FindMyLocate.framework/Versions/A/FindMyLocate
0x00000001cd7f3000 	/System/Library/PrivateFrameworks/IntlPreferences.framework/Versions/A/IntlPreferences
0x000000025d59a000 	/System/Library/PrivateFrameworks/FindMyCommon.framework/Versions/A/FindMyCommon
0x000000025d38a000 	/System/Library/PrivateFrameworks/FindMyBase.framework/Versions/A/FindMyBase
0x0000000248c69000 	/System/Library/Frameworks/NearbyInteraction.framework/Versions/A/NearbyInteraction
0x00000001b8806000 	/System/Library/PrivateFrameworks/AddressBookCore.framework/Versions/A/AddressBookCore
0x00000001d3047000 	/System/Library/PrivateFrameworks/ToneKit.framework/Versions/A/ToneKit
0x00000001cd83a000 	/System/Library/PrivateFrameworks/ToneLibrary.framework/Versions/A/ToneLibrary
0x0000000255b24000 	/System/Library/PrivateFrameworks/ContactsAccounts.framework/Versions/A/ContactsAccounts
0x00000001d1435000 	/System/Library/PrivateFrameworks/Lookup.framework/Versions/A/Lookup
0x0000000249546000 	/System/Library/Frameworks/QuickLookUI.framework/Versions/A/QuickLookUI
0x0000000249f5b000 	/System/Library/Frameworks/ScreenCaptureKit.framework/Versions/A/ScreenCaptureKit
0x00000001ce539000 	/System/Library/Frameworks/Quartz.framework/Versions/A/Frameworks/QuartzComposer.framework/Versions/A/QuartzComposer
0x00000001cd7ca000 	/System/Library/Frameworks/Quartz.framework/Versions/A/Frameworks/QuartzFilters.framework/Versions/A/QuartzFilters
0x00000001cc877000 	/System/Library/Frameworks/Quartz.framework/Versions/A/Frameworks/ImageKit.framework/Versions/A/ImageKit
0x00000002058e1000 	/System/Library/Frameworks/OpenCL.framework/Versions/A/OpenCL
0x00000001cad5c000 	/System/Library/PrivateFrameworks/CorePDF.framework/Versions/A/CorePDF
0x00000001b58ad000 	/System/Library/Frameworks/QuickLook.framework/Versions/A/QuickLook
0x00000001c0325000 	/System/Library/PrivateFrameworks/DisplayServices.framework/Versions/A/DisplayServices
0x00000001cd74f000 	/System/Library/Frameworks/ImageCaptureCore.framework/Versions/A/ImageCaptureCore
0x000000028f933000 	/System/Library/PrivateFrameworks/VisionKitCore.framework/Versions/A/VisionKitCore
0x00000001c8f84000 	/System/Library/PrivateFrameworks/QuickLookSupport.framework/Versions/A/QuickLookSupport
0x0000000271590000 	/System/Library/PrivateFrameworks/MediaAnalysisServices.framework/Versions/A/MediaAnalysisServices
0x00000001d0431000 	/System/Library/PrivateFrameworks/PhotoLibraryServices.framework/Versions/A/PhotoLibraryServices
0x00000001cd367000 	/System/Library/Frameworks/Photos.framework/Versions/A/Photos
0x00000001e19cd000 	/System/Library/PrivateFrameworks/PhotosFormats.framework/Versions/A/PhotosFormats
0x00000001dde98000 	/System/Library/PrivateFrameworks/CloudPhotoLibrary.framework/Versions/A/CloudPhotoLibrary
0x00000001e71f1000 	/System/Library/PrivateFrameworks/CloudPhotoServices.framework/Versions/A/CloudPhotoServices
0x00000001e37fe000 	/System/Library/PrivateFrameworks/CoreMediaStream.framework/Versions/A/CoreMediaStream
0x00000001b9282000 	/System/Library/PrivateFrameworks/CPAnalytics.framework/Versions/A/CPAnalytics
0x00000001dfd5a000 	/System/Library/PrivateFrameworks/MediaConversionService.framework/Versions/A/MediaConversionService
0x00000001bff2f000 	/System/Library/PrivateFrameworks/PhotoFoundation.framework/Versions/A/PhotoFoundation
0x0000000278b9b000 	/System/Library/PrivateFrameworks/PhotoLibraryServicesCore.framework/Versions/A/PhotoLibraryServicesCore
0x00000001d9bad000 	/System/Library/PrivateFrameworks/MMCS.framework/Versions/A/MMCS
0x00000001be2bb000 	/System/Library/PrivateFrameworks/ChunkingLibrary.framework/Versions/A/ChunkingLibrary
0x00000001b7f93000 	/System/Library/PrivateFrameworks/AssetCacheServices.framework/Versions/A/AssetCacheServices
0x00000001b9f29000 	/System/Library/PrivateFrameworks/AVFoundationCF.framework/Versions/A/AVFoundationCF
0x00000001f7117000 	/usr/lib/swift/libswiftDemangle.dylib
0x00000002699a7000 	/System/Library/PrivateFrameworks/ImageCaptureDevices.framework/Versions/A/ImageCaptureDevices
0x00000001cba75000 	/System/Library/PrivateFrameworks/MediaStream.framework/Versions/A/MediaStream
0x00000001e01fb000 	/System/Library/PrivateFrameworks/NeutrinoCore.framework/Versions/A/NeutrinoCore
0x00000001a7958000 	/System/Library/PrivateFrameworks/NLP.framework/Versions/A/NLP
0x00000001e5f86000 	/System/Library/PrivateFrameworks/PhotoImaging.framework/Versions/A/PhotoImaging
0x00000001e71b2000 	/System/Library/PrivateFrameworks/PhotosImagingFoundation.framework/Versions/A/PhotosImagingFoundation
0x000000027974b000 	/System/Library/PrivateFrameworks/PhotosIntelligenceCore.framework/Versions/A/PhotosIntelligenceCore
0x00000001ba35f000 	/System/Library/PrivateFrameworks/EmbeddedAcousticRecognition.framework/Versions/A/EmbeddedAcousticRecognition
0x00000001d523d000 	/System/Library/PrivateFrameworks/EmojiFoundation.framework/Versions/A/EmojiFoundation
0x00000001de111000 	/System/Library/PrivateFrameworks/SDAPI.framework/Versions/A/SDAPI
0x00000001e7200000 	/System/Library/PrivateFrameworks/AutoLoop.framework/Versions/A/AutoLoop
0x000000027a328000 	/System/Library/PrivateFrameworks/Portrait.framework/Versions/A/Portrait
0x000000025dd50000 	/System/Library/PrivateFrameworks/FusionTracker.framework/Versions/A/FusionTracker
0x00000001cdfd6000 	/System/Library/PrivateFrameworks/iTunesCloud.framework/Versions/A/iTunesCloud
0x00000001d710a000 	/System/Library/PrivateFrameworks/DAAPKit.framework/Versions/A/DAAPKit
0x00000001c9300000 	/System/Library/PrivateFrameworks/DeviceManagement.framework/Versions/A/DeviceManagement
0x00000001ecf01000 	/System/Library/PrivateFrameworks/ScreenTimeUI.framework/Versions/A/ScreenTimeUI
0x00000001cb7b5000 	/System/Library/PrivateFrameworks/QuickLookNonBaseSystem.framework/Versions/A/QuickLookNonBaseSystem
0x00000001cc00a000 	/System/Library/PrivateFrameworks/Catalyst.framework/Versions/A/Catalyst
0x00000001cd9ec000 	/System/Library/PrivateFrameworks/ScreenTimeCore.framework/Versions/A/ScreenTimeCore
0x00000001e0e85000 	/System/Library/PrivateFrameworks/ScreenTimeServiceUI.framework/Versions/A/ScreenTimeServiceUI
0x00000001d9d3d000 	/System/Library/PrivateFrameworks/ConfigurationEngineModel.framework/Versions/A/ConfigurationEngineModel
0x00000001dce73000 	/System/Library/PrivateFrameworks/UsageTracking.framework/Versions/A/UsageTracking
0x000000024518b000 	/System/Library/Frameworks/DeviceActivity.framework/Versions/A/DeviceActivity
0x00000001dce43000 	/System/Library/PrivateFrameworks/KnowledgeMonitor.framework/Versions/A/KnowledgeMonitor
0x00000001f40e8000 	/System/Library/PrivateFrameworks/BluetoothManager.framework/Versions/A/BluetoothManager
0x0000000246784000 	/System/Library/Frameworks/ManagedSettings.framework/Versions/A/ManagedSettings
0x0000000270cf3000 	/System/Library/PrivateFrameworks/ManagedSettingsSupport.framework/Versions/A/ManagedSettingsSupport
0x00000001f169d000 	/System/Library/Frameworks/ReplayKit.framework/Versions/A/ReplayKit
0x00000001c12e4000 	/System/Library/PrivateFrameworks/MarkupUI.framework/Versions/A/MarkupUI
0x00000001cb78d000 	/System/Library/PrivateFrameworks/SidecarCore.framework/Versions/A/SidecarCore
0x00000001ce3ee000 	/System/Library/PrivateFrameworks/AnnotationKit.framework/Versions/A/AnnotationKit
0x00000001ccabc000 	/System/Library/Frameworks/PencilKit.framework/Versions/A/PencilKit
0x00000001ccc81000 	/System/Library/PrivateFrameworks/SidecarUI.framework/Versions/A/SidecarUI
0x00000001cc41a000 	/System/Library/PrivateFrameworks/CoreHandwriting.framework/Versions/A/CoreHandwriting
0x00000001a1540000 	/usr/lib/libmecabra.dylib
0x00000001c4ffb000 	/System/Library/PrivateFrameworks/Calculate.framework/Versions/A/Calculate
0x00000001b0ff5000 	/usr/lib/libChineseTokenizer.dylib
0x000000020254d000 	/System/Library/PrivateFrameworks/ScreenReaderCore.framework/Versions/A/ScreenReaderCore
0x00000002872bf000 	/System/Library/PrivateFrameworks/StocksKit.framework/Versions/A/StocksKit
0x00000001c4001000 	/System/Library/PrivateFrameworks/OAuth.framework/Versions/A/OAuth
0x0000000286fb1000 	/System/Library/PrivateFrameworks/StocksCore.framework/Versions/A/StocksCore
0x0000000288549000 	/System/Library/PrivateFrameworks/TeaFoundation.framework/Versions/A/TeaFoundation
0x000000028872b000 	/System/Library/PrivateFrameworks/TeaSettings.framework/Versions/A/TeaSettings
0x00000001f87fc000 	/System/Library/PrivateFrameworks/NewsCore.framework/Versions/A/NewsCore
0x00000002884e5000 	/System/Library/PrivateFrameworks/TeaDB.framework/Versions/A/TeaDB
0x00000001f51e2000 	/System/Library/PrivateFrameworks/RemoteConfiguration.framework/Versions/A/RemoteConfiguration
0x00000001f8407000 	/System/Library/PrivateFrameworks/NewsTransport.framework/Versions/A/NewsTransport
0x00000001f87ec000 	/System/Library/PrivateFrameworks/NewsFoundation.framework/Versions/A/NewsFoundation
0x00000002750cb000 	/System/Library/PrivateFrameworks/NewsURLBucket.framework/Versions/A/NewsURLBucket
0x00000001d002a000 	/System/Library/PrivateFrameworks/MobileInstallation.framework/Versions/A/MobileInstallation
0x000000024ba74000 	/System/Library/Frameworks/Translation.framework/Versions/A/Translation
0x00000001e8b7f000 	/System/Library/PrivateFrameworks/RevealCore.framework/Versions/A/RevealCore
0x00000001e8b73000 	/System/Library/PrivateFrameworks/Reveal.framework/Versions/A/Reveal
0x00000001e0b50000 	/System/Library/Frameworks/Speech.framework/Versions/A/Speech
0x000000024ceb6000 	/System/Library/PrivateFrameworks/AIMLExperimentationAnalytics.framework/Versions/A/AIMLExperimentationAnalytics
0x000000024f206000 	/System/Library/PrivateFrameworks/AlgorithmsInternal.framework/Versions/A/AlgorithmsInternal
0x000000028bcdc000 	/System/Library/PrivateFrameworks/TranslationUIServices.framework/Versions/A/TranslationUIServices
0x000000028abd9000 	/System/Library/PrivateFrameworks/TipKitCore.framework/Versions/A/TipKitCore
0x00000001d52c1000 	/System/Library/PrivateFrameworks/CoreCDPInternal.framework/Versions/A/CoreCDPInternal
0x000000026a17e000 	/System/Library/PrivateFrameworks/InputAnalytics.framework/Versions/A/InputAnalytics
0x00000001dacdb000 	/System/Library/Frameworks/InstantMessage.framework/Versions/A/InstantMessage
0x00000001d2dbf000 	/System/Library/PrivateFrameworks/IDSKVStore.framework/Versions/A/IDSKVStore
0x00000001d2aa7000 	/System/Library/PrivateFrameworks/IMDPersistence.framework/Versions/A/IMDPersistence
0x000000028d859000 	/System/Library/PrivateFrameworks/UserSafety.framework/Versions/A/UserSafety
0x00000001f33cb000 	/System/Library/PrivateFrameworks/BlastDoor.framework/Versions/A/BlastDoor
0x000000026e55a000 	/System/Library/PrivateFrameworks/LinkPresentationStyleSheetParsing.framework/Versions/A/LinkPresentationStyleSheetParsing
0x000000027a4d3000 	/System/Library/PrivateFrameworks/PosterFoundation.framework/Versions/A/PosterFoundation
0x000000027a560000 	/System/Library/PrivateFrameworks/PosterModel.framework/Versions/A/PosterModel
0x000000027a53b000 	/System/Library/PrivateFrameworks/PosterFuturesKit.framework/Versions/A/PosterFuturesKit
0x000000025d18e000 	/System/Library/PrivateFrameworks/FeedbackService.framework/Versions/A/FeedbackService
0x00000001cbe8b000 	/System/Library/PrivateFrameworks/CoreSDB.framework/Versions/A/CoreSDB
0x00000002519e1000 	/System/Library/PrivateFrameworks/AskToCore.framework/Versions/A/AskToCore
0x00000001ed735000 	/System/Library/PrivateFrameworks/MachineSettings.framework/Versions/A/MachineSettings
0x00000001df5bc000 	/System/Library/PrivateFrameworks/BezelServices.framework/Versions/A/BezelServices
0x00000001d7196000 	/System/Library/PrivateFrameworks/SPOwner.framework/Versions/A/SPOwner
0x00000001cfc9d000 	/System/Library/PrivateFrameworks/FMCore.framework/Versions/A/FMCore
0x00000001cf4d3000 	/System/Library/PrivateFrameworks/AppleMediaServicesUI.framework/Versions/A/AppleMediaServicesUI
0x00000002940ca000 	/System/Library/PrivateFrameworks/iCloudQuota.framework/Versions/A/iCloudQuota
0x00000001c49b0000 	/System/Library/PrivateFrameworks/CoreRecognition.framework/Versions/A/CoreRecognition
0x00000001df670000 	/System/Library/PrivateFrameworks/InAppMessages.framework/Versions/A/InAppMessages
0x0000000201153000 	/System/Library/PrivateFrameworks/JetUI.framework/Versions/A/JetUI
0x000000026d8ff000 	/System/Library/PrivateFrameworks/JetPack.framework/Versions/A/JetPack
0x00000001df667000 	/System/Library/PrivateFrameworks/InAppMessagesCore.framework/Versions/A/InAppMessagesCore
0x0000000293497000 	/System/Library/PrivateFrameworks/_JetEngine_SwiftUI.framework/Versions/A/_JetEngine_SwiftUI
0x0000000288008000 	/System/Library/PrivateFrameworks/Synapse.framework/Versions/A/Synapse
0x0000000253b44000 	/System/Library/PrivateFrameworks/CSExattrCrypto.framework/Versions/A/CSExattrCrypto
0x00000001d111e000 	/System/Library/PrivateFrameworks/StoreFoundation.framework/Versions/A/StoreFoundation
0x00000001cfc97000 	/System/Library/PrivateFrameworks/ServerInformation.framework/Versions/A/ServerInformation
0x00000001cf6db000 	/System/Library/PrivateFrameworks/Install.framework/Frameworks/DistributionKit.framework/Versions/A/DistributionKit
0x00000001c8d59000 	/System/Library/PrivateFrameworks/PackageKit.framework/Versions/A/PackageKit
0x00000001cf6fe000 	/System/Library/PrivateFrameworks/OSPersonalization.framework/Versions/A/OSPersonalization
0x00000001d16a8000 	/System/Library/PrivateFrameworks/BridgeOSSoftwareUpdate.framework/Versions/A/BridgeOSSoftwareUpdate
0x00000001cc322000 	/System/Library/PrivateFrameworks/StorageManagement.framework/Versions/A/StorageManagement
0x00000001e09d6000 	/usr/lib/libauthinstall.dylib
0x00000001d16b1000 	/System/Library/PrivateFrameworks/InstallerDiagnostics.framework/Versions/A/InstallerDiagnostics
0x00000001e1051000 	/usr/lib/libcrypto.42.dylib
0x000000029a883000 	/usr/lib/updaters/libT200Updater.dylib
0x00000001d1696000 	/System/Library/PrivateFrameworks/GPUInfo.framework/Versions/A/GPUInfo
0x00000001df76a000 	/System/Library/PrivateFrameworks/MobileActivationMacOS.framework/Versions/A/MobileActivationMacOS
0x00000001c3f48000 	/System/Library/PrivateFrameworks/AccountsDaemon.framework/Versions/A/AccountsDaemon
0x0000000266792000 	/System/Library/PrivateFrameworks/GenerativePartnerService.framework/Versions/A/GenerativePartnerService
0x00000001b403e000 	/System/Library/PrivateFrameworks/CacheDelete.framework/Versions/A/CacheDelete
0x00000001bc924000 	/System/Library/Frameworks/QuickLookThumbnailing.framework/Versions/A/QuickLookThumbnailing
0x00000001d16f5000 	/System/Library/PrivateFrameworks/AOSKit.framework/Versions/A/AOSKit
0x00000001b1126000 	/System/Library/PrivateFrameworks/AppSSOCore.framework/Versions/A/AppSSOCore
0x00000001cb166000 	/System/Library/Frameworks/AVFoundation.framework/Versions/A/AVFoundation
0x000000025235a000 	/System/Library/PrivateFrameworks/BackgroundSystemTasks.framework/Versions/A/BackgroundSystemTasks
0x00000001bc83a000 	/System/Library/PrivateFrameworks/DuetActivityScheduler.framework/Versions/A/DuetActivityScheduler
0x00000001dddc7000 	/System/Library/PrivateFrameworks/NetworkServiceProxy.framework/Versions/A/NetworkServiceProxy
0x00000001b7c27000 	/usr/lib/libnetworkextension.dylib
0x00000001ba273000 	/System/Library/PrivateFrameworks/Rapport.framework/Versions/A/Rapport
0x0000000287d32000 	/System/Library/PrivateFrameworks/Symptoms.framework/Versions/A/Frameworks/SymptomAnalytics.framework/Versions/A/SymptomAnalytics
0x00000001b4a6e000 	/System/Library/Frameworks/NetworkExtension.framework/Versions/A/NetworkExtension
0x00000001bb011000 	/System/Library/PrivateFrameworks/CoreDuetContext.framework/Versions/A/CoreDuetContext
0x00000001a5fbc000 	/System/Library/PrivateFrameworks/CoreDuet.framework/Versions/A/CoreDuet
0x00000001bfc89000 	/System/Library/PrivateFrameworks/AssistantServices.framework/Versions/A/AssistantServices
0x00000001ba06d000 	/System/Library/PrivateFrameworks/SAObjects.framework/Versions/A/SAObjects
0x00000001bf886000 	/System/Library/PrivateFrameworks/MediaRemote.framework/Versions/A/MediaRemote
0x00000001d1bd5000 	/System/Library/PrivateFrameworks/SiriInstrumentation.framework/Versions/A/SiriInstrumentation
0x000000027ed60000 	/System/Library/PrivateFrameworks/SiriAnalytics.framework/Versions/A/SiriAnalytics
0x0000000284c0f000 	/System/Library/PrivateFrameworks/SiriTTSService.framework/Versions/A/SiriTTSService
0x000000027f69f000 	/System/Library/PrivateFrameworks/SiriCrossDeviceArbitration.framework/Versions/A/SiriCrossDeviceArbitration
0x00000001cf4a4000 	/System/Library/PrivateFrameworks/FeedbackLogger.framework/Versions/A/FeedbackLogger
0x000000025cd9e000 	/System/Library/PrivateFrameworks/FaceTimeNameUtility.framework/Versions/A/FaceTimeNameUtility
0x000000027f6f3000 	/System/Library/PrivateFrameworks/SiriCrossDeviceArbitrationFeedback.framework/Versions/A/SiriCrossDeviceArbitrationFeedback
0x000000026664c000 	/System/Library/PrivateFrameworks/GenerativeModels.framework/Versions/A/GenerativeModels
0x0000000205c1a000 	/System/Library/Frameworks/AVRouting.framework/Versions/A/AVRouting
0x00000001c47c3000 	/System/Library/PrivateFrameworks/MediaServices.framework/Versions/A/MediaServices
0x00000001b269f000 	/System/Library/Frameworks/MediaToolbox.framework/Versions/A/MediaToolbox
0x00000001b9024000 	/System/Library/PrivateFrameworks/CoreAVCHD.framework/Versions/A/CoreAVCHD
0x00000001b9020000 	/System/Library/PrivateFrameworks/Mangrove.framework/Versions/A/Mangrove
0x0000000253962000 	/System/Library/PrivateFrameworks/CMPhoto.framework/Versions/A/CMPhoto
0x00000001b97f9000 	/System/Library/Frameworks/CoreTelephony.framework/Versions/A/CoreTelephony
0x00000001b9013000 	/System/Library/PrivateFrameworks/CoreAUC.framework/Versions/A/CoreAUC
0x0000000250d17000 	/System/Library/PrivateFrameworks/AppleJPEGXL.framework/Versions/A/AppleJPEGXL
0x00000001b40df000 	/usr/lib/libTelephonyUtilDynamic.dylib
0x00000001b9eab000 	/System/Library/Frameworks/LocalAuthentication.framework/Versions/A/LocalAuthentication
0x000000026e78e000 	/System/Library/PrivateFrameworks/LocalAuthenticationCore.framework/Versions/A/LocalAuthenticationCore
0x000000026e913000 	/System/Library/PrivateFrameworks/LocalAuthenticationCredentialServices.framework/Versions/A/LocalAuthenticationCredentialServices
0x00000001b9f17000 	/System/Library/Frameworks/LocalAuthentication.framework/Support/SharedUtils.framework/Versions/A/SharedUtils
0x00000001b156f000 	/System/Library/PrivateFrameworks/PersistentConnection.framework/Versions/A/PersistentConnection
0x0000000286421000 	/System/Library/PrivateFrameworks/SonicFoundation.framework/Versions/A/SonicFoundation
0x000000025b636000 	/System/Library/PrivateFrameworks/Dendrite.framework/Versions/A/Dendrite
0x00000001d3a7f000 	/usr/lib/libtailspin.dylib
0x00000001e7310000 	/System/Library/PrivateFrameworks/Osprey.framework/Versions/A/Osprey
0x000000028426c000 	/System/Library/PrivateFrameworks/SiriTTS.framework/Versions/A/SiriTTS
0x00000001cbf51000 	/System/Library/Frameworks/NaturalLanguage.framework/Versions/A/NaturalLanguage
0x000000028304f000 	/System/Library/PrivateFrameworks/SiriPowerInstrumentation.framework/Versions/A/SiriPowerInstrumentation
0x00000001cce10000 	/System/Library/PrivateFrameworks/Trial.framework/Versions/A/Trial
0x00000001ccd93000 	/System/Library/PrivateFrameworks/TrialProto.framework/Versions/A/TrialProto
0x000000028cf7f000 	/System/Library/PrivateFrameworks/UnifiedAssetFramework.framework/Versions/A/UnifiedAssetFramework
0x00000001e92b2000 	/usr/lib/swift/libswiftAVFoundation.dylib
0x00000001f9193000 	/usr/lib/swift/libswiftNaturalLanguage.dylib
0x00000002884e3000 	/System/Library/PrivateFrameworks/TailspinSymbolication.framework/Versions/A/TailspinSymbolication
0x000000025b275000 	/System/Library/PrivateFrameworks/Darwinup.framework/Versions/A/Darwinup
0x00000001dfd95000 	/System/Library/PrivateFrameworks/SignpostSupport.framework/Versions/A/SignpostSupport
0x00000001cbe18000 	/System/Library/PrivateFrameworks/FeatureFlagsSupport.framework/Versions/A/FeatureFlagsSupport
0x00000001df4ce000 	/System/Library/PrivateFrameworks/ktrace.framework/Versions/A/ktrace
0x00000001dffc4000 	/System/Library/PrivateFrameworks/SampleAnalysis.framework/Versions/A/SampleAnalysis
0x00000001e8b4d000 	/System/Library/PrivateFrameworks/kperfdata.framework/Versions/A/kperfdata
0x00000001b59f0000 	/usr/lib/libdscsym.dylib
0x00000001e9008000 	/System/Library/PrivateFrameworks/BulkSymbolication.framework/Versions/A/BulkSymbolication
0x00000001bc970000 	/System/Library/PrivateFrameworks/Espresso.framework/Versions/A/Espresso
0x00000001aab83000 	/System/Library/Frameworks/CoreML.framework/Versions/A/CoreML
0x00000002028f3000 	/System/Library/PrivateFrameworks/ANECompiler.framework/Versions/A/ANECompiler
0x00000001bea49000 	/System/Library/PrivateFrameworks/AppleNeuralEngine.framework/Versions/A/AppleNeuralEngine
0x000000024748c000 	/System/Library/Frameworks/MetalPerformanceShadersGraph.framework/Versions/A/MetalPerformanceShadersGraph
0x000000026f21a000 	/System/Library/PrivateFrameworks/MLCompilerServices.framework/Versions/A/MLCompilerServices
0x00000001bd80c000 	/System/Library/PrivateFrameworks/ANEServices.framework/Versions/A/ANEServices
0x0000000276125000 	/System/Library/PrivateFrameworks/ODIE.framework/Versions/A/ODIE
0x000000026f1be000 	/System/Library/PrivateFrameworks/MLCompilerRuntime.framework/Versions/A/MLCompilerRuntime
0x00000001aef49000 	/System/Library/Frameworks/MLCompute.framework/Versions/A/MLCompute
0x000000026f140000 	/System/Library/PrivateFrameworks/MLAssetIO.framework/Versions/A/MLAssetIO
0x000000029a23a000 	/usr/lib/swift/libswiftMLCompute.dylib
0x00000001b9a00000 	/System/Library/PrivateFrameworks/AVFCore.framework/Versions/A/AVFCore
0x00000001c2f66000 	/System/Library/PrivateFrameworks/AVFCapture.framework/Versions/A/AVFCapture
0x000000025374b000 	/System/Library/PrivateFrameworks/CMImaging.framework/Versions/A/CMImaging
0x00000001c31aa000 	/System/Library/PrivateFrameworks/Quagga.framework/Versions/A/Quagga
0x00000001c32de000 	/System/Library/PrivateFrameworks/CMCapture.framework/Versions/A/CMCapture
0x00000001b3c66000 	/System/Library/Frameworks/CoreMediaIO.framework/Versions/A/CoreMediaIO
0x0000000253687000 	/System/Library/PrivateFrameworks/CMCaptureDevice.framework/Versions/A/CMCaptureDevice
0x00000001b16e5000 	/System/Library/PrivateFrameworks/CoreBrightness.framework/Versions/A/CoreBrightness
0x000000025474e000 	/System/Library/PrivateFrameworks/CinematicFraming.framework/Versions/A/CinematicFraming
0x00000001e63cf000 	/System/Library/PrivateFrameworks/CPMS.framework/Versions/A/CPMS
0x00000002881df000 	/System/Library/PrivateFrameworks/SystemStatus.framework/Versions/A/SystemStatus
0x00000001cad5e000 	/System/Library/Frameworks/CoreMotion.framework/Versions/A/CoreMotion
0x00000001dad99000 	/System/Library/PrivateFrameworks/TimeSync.framework/Versions/A/TimeSync
0x000000025bf19000 	/System/Library/PrivateFrameworks/DistributedSensing.framework/Versions/A/DistributedSensing
0x00000001d63e4000 	/System/Library/PrivateFrameworks/MobileBluetooth.framework/Versions/A/MobileBluetooth
0x00000001dca7a000 	/System/Library/PrivateFrameworks/IOKitten.framework/Versions/A/IOKitten
0x00000001a27bb000 	/System/Library/PrivateFrameworks/LanguageModeling.framework/Versions/A/LanguageModeling
0x00000001a775f000 	/System/Library/PrivateFrameworks/Montreal.framework/Versions/A/Montreal
0x00000001af9a2000 	/usr/lib/libcmph.dylib
0x0000000266726000 	/System/Library/PrivateFrameworks/GenerativeModelsFoundation.framework/Versions/A/GenerativeModelsFoundation
0x000000028af42000 	/System/Library/PrivateFrameworks/TokenGeneration.framework/Versions/A/TokenGeneration
0x00000002664de000 	/System/Library/PrivateFrameworks/GenerativeFunctions.framework/Versions/A/GenerativeFunctions
0x000000026652a000 	/System/Library/PrivateFrameworks/GenerativeFunctionsFoundation.framework/Versions/A/GenerativeFunctionsFoundation
0x0000000272950000 	/System/Library/PrivateFrameworks/ModelCatalog.framework/Versions/A/ModelCatalog
0x000000027e223000 	/System/Library/PrivateFrameworks/SensitiveContentAnalysisML.framework/Versions/A/SensitiveContentAnalysisML
0x00000002665e9000 	/System/Library/PrivateFrameworks/GenerativeFunctionsInstrumentation.framework/Versions/A/GenerativeFunctionsInstrumentation
0x000000027b5c8000 	/System/Library/PrivateFrameworks/PromptKit.framework/Versions/A/PromptKit
0x000000027b0a0000 	/System/Library/PrivateFrameworks/ProactiveDaemonSupport.framework/Versions/A/ProactiveDaemonSupport
0x0000000272d37000 	/System/Library/PrivateFrameworks/ModelManagerServices.framework/Versions/A/ModelManagerServices
0x000000028b192000 	/System/Library/PrivateFrameworks/TokenGenerationCore.framework/Versions/A/TokenGenerationCore
0x0000000250c41000 	/System/Library/PrivateFrameworks/AppleIntelligenceReporting.framework/Versions/A/AppleIntelligenceReporting
0x00000002508ac000 	/System/Library/PrivateFrameworks/AppleFlatBuffers.framework/Versions/A/AppleFlatBuffers
0x000000027e45c000 	/System/Library/PrivateFrameworks/SentencePieceInternal.framework/Versions/A/SentencePieceInternal
0x00000001b800b000 	/System/Library/Frameworks/Vision.framework/Versions/A/Vision
0x000000025ac4d000 	/System/Library/PrivateFrameworks/CoreSceneUnderstanding.framework/Versions/A/CoreSceneUnderstanding
0x000000028f8e7000 	/System/Library/PrivateFrameworks/VisionCore.framework/Versions/A/VisionCore
0x00000001d5398000 	/System/Library/Frameworks/Vision.framework/libfaceCore.dylib
0x00000001d5ebb000 	/System/Library/PrivateFrameworks/Futhark.framework/Versions/A/Futhark
0x00000001d9c59000 	/System/Library/PrivateFrameworks/InertiaCam.framework/Versions/A/InertiaCam
0x00000001d5c43000 	/System/Library/PrivateFrameworks/TextRecognition.framework/Versions/A/TextRecognition
0x00000001b1147000 	/System/Library/PrivateFrameworks/CVNLP.framework/Versions/A/CVNLP
0x00000001aa621000 	/System/Library/PrivateFrameworks/ApplePushService.framework/Versions/A/ApplePushService
0x00000001aa68c000 	/System/Library/Frameworks/CloudKit.framework/Versions/A/CloudKit
0x00000001bd9ca000 	/System/Library/PrivateFrameworks/CoreDuetDaemonProtocol.framework/Versions/A/CoreDuetDaemonProtocol
0x00000001e258c000 	/System/Library/PrivateFrameworks/DeviceIdentity.framework/Versions/A/DeviceIdentity
0x000000024a172000 	/System/Library/Frameworks/SharedWithYouCore.framework/Versions/A/SharedWithYouCore
0x0000000254fee000 	/System/Library/PrivateFrameworks/CloudTelemetry.framework/Versions/A/CloudTelemetry
0x00000001bc30a000 	/System/Library/PrivateFrameworks/AppleAccount.framework/Versions/A/AppleAccount
0x00000001bc8c9000 	/System/Library/PrivateFrameworks/C2.framework/Versions/A/C2
0x0000000254c6a000 	/System/Library/PrivateFrameworks/CloudCoreInternal.framework/Versions/A/CloudCoreInternal
0x0000000254a0d000 	/System/Library/PrivateFrameworks/CloudAsset.framework/Versions/A/CloudAsset
0x00000001bc8c0000 	/System/Library/Frameworks/PushKit.framework/Versions/A/PushKit
0x000000025500e000 	/System/Library/PrivateFrameworks/CloudTelemetryTools.framework/Versions/A/CloudTelemetryTools
0x00000001be7a7000 	/System/Library/PrivateFrameworks/RTCReporting.framework/Versions/A/RTCReporting
0x000000024cd9d000 	/System/Library/PrivateFrameworks/AAAFoundationSwift.framework/Versions/A/AAAFoundationSwift
0x00000001bc593000 	/System/Library/PrivateFrameworks/AppleIDSSOAuthentication.framework/Versions/A/AppleIDSSOAuthentication
0x00000001d0fc9000 	/System/Library/PrivateFrameworks/CaptiveNetwork.framework/Versions/A/CaptiveNetwork
0x00000001bbd9f000 	/System/Library/PrivateFrameworks/EAP8021X.framework/Versions/A/EAP8021X
0x000000025b05b000 	/System/Library/PrivateFrameworks/CryptoKitPrivate.framework/Versions/A/CryptoKitPrivate
0x00000001cb3b6000 	/System/Library/PrivateFrameworks/FindMyDevice.framework/Versions/A/FindMyDevice
0x00000001c0416000 	/System/Library/PrivateFrameworks/FMCoreLite.framework/Versions/A/FMCoreLite
0x000000012a4ac000 	/Users/apusmac/.openjfx/cache/21.0.5+1/aarch64/libjavafx_font.dylib
0x000000012c3e0000 	/private/var/folders/6t/4h_wm5wd6cz893sv4_z_p6hw0000gn/T/sqlite-3.47.0.0-be87844e-fd08-408a-947b-41e20d6d5d4e-libsqlitejdbc.dylib
0x00000001dff8d000 	/System/Library/PrivateFrameworks/UIKitServices.framework/Versions/A/UIKitServices
0x0000000288c61000 	/System/Library/PrivateFrameworks/TextInputUI.framework/Versions/A/TextInputUI
0x0000000288c95000 	/System/Library/PrivateFrameworks/TextInputUIMacHelper.framework/Versions/A/TextInputUIMacHelper
0x00000001d5fa7000 	/System/Library/PrivateFrameworks/SafariPlatformSupport.framework/Versions/A/SafariPlatformSupport
0x0000000286a1c000 	/System/Library/PrivateFrameworks/SpotlightKnowledge.framework/Versions/A/SpotlightKnowledge
0x000000025c3d0000 	/System/Library/PrivateFrameworks/DocumentUnderstandingClient.framework/Versions/A/DocumentUnderstandingClient
0x0000000286a03000 	/System/Library/PrivateFrameworks/SpotlightEmbedding.framework/Versions/A/SpotlightEmbedding
0x00000001a5f5f000 	/System/Library/PrivateFrameworks/SpotlightLinguistics.framework/Versions/A/SpotlightLinguistics
0x0000000286b95000 	/System/Library/PrivateFrameworks/SpotlightResources.framework/Versions/A/SpotlightResources
0x00000001bdd80000 	/System/Library/PrivateFrameworks/SpotlightIndex.framework/Versions/A/SpotlightIndex
0x00000001d0f8d000 	/System/Library/PrivateFrameworks/DataDeliveryServices.framework/Versions/A/DataDeliveryServices
0x0000000254787000 	/System/Library/PrivateFrameworks/CipherML.framework/Versions/A/CipherML
0x000000027860f000 	/System/Library/PrivateFrameworks/PegasusKit.framework/Versions/A/PegasusKit
0x0000000287925000 	/System/Library/PrivateFrameworks/SwiftSQLite.framework/Versions/A/SwiftSQLite
0x00000001ecdd7000 	/System/Library/PrivateFrameworks/Shortcut.framework/Versions/A/Shortcut
0x00000001ecda4000 	/System/Library/PrivateFrameworks/HelpData.framework/Versions/A/HelpData
0x0000000137d18000 	/Users/apusmac/Library/Java/JavaVirtualMachines/openjdk-26.0.2.1/Contents/Home/lib/libawt.dylib
0x000000024660a000 	/System/Library/Frameworks/JavaRuntimeSupport.framework/Versions/A/JavaRuntimeSupport
0x0000000137ee4000 	/Users/apusmac/Library/Java/JavaVirtualMachines/openjdk-26.0.2.1/Contents/Home/lib/libawt_lwawt.dylib
0x0000000137734000 	/Users/apusmac/Library/Java/JavaVirtualMachines/openjdk-26.0.2.1/Contents/Home/lib/libosxapp.dylib
0x00000001c93c8000 	/System/Library/Frameworks/ExceptionHandling.framework/Versions/A/ExceptionHandling
0x0000000137a20000 	/Users/apusmac/Library/Java/JavaVirtualMachines/openjdk-26.0.2.1/Contents/Home/lib/libjavajpeg.dylib
0x0000000137b0c000 	/Users/apusmac/Library/Java/JavaVirtualMachines/openjdk-26.0.2.1/Contents/Home/lib/liblcms.dylib
0x0000000138014000 	/Users/apusmac/Library/Java/JavaVirtualMachines/openjdk-26.0.2.1/Contents/Home/lib/libfontmanager.dylib
0x000000013811c000 	/Users/apusmac/Library/Java/JavaVirtualMachines/openjdk-26.0.2.1/Contents/Home/lib/libfreetype.dylib

JVMTI agents:
/Applications/IntelliJ IDEA.app/Contents/lib/idea_rt.jar path:none, loaded, initialized, instrumentlib options:64907


VM Arguments:
jvm_args: -javaagent:/Applications/IntelliJ IDEA.app/Contents/lib/idea_rt.jar=64907 -Dfile.encoding=UTF-8 -Dsun.stdout.encoding=UTF-8 -Dsun.stderr.encoding=UTF-8 
java_command: com.imagelab.Main
java_class_path (initial): /Users/apusmac/IdeaProjects/newproject/target/classes:/Users/apusmac/.m2/repository/org/openjfx/javafx-controls/21.0.5/javafx-controls-21.0.5.jar:/Users/apusmac/.m2/repository/org/openjfx/javafx-controls/21.0.5/javafx-controls-21.0.5-mac-aarch64.jar:/Users/apusmac/.m2/repository/org/openjfx/javafx-graphics/21.0.5/javafx-graphics-21.0.5.jar:/Users/apusmac/.m2/repository/org/openjfx/javafx-graphics/21.0.5/javafx-graphics-21.0.5-mac-aarch64.jar:/Users/apusmac/.m2/repository/org/openjfx/javafx-base/21.0.5/javafx-base-21.0.5.jar:/Users/apusmac/.m2/repository/org/openjfx/javafx-base/21.0.5/javafx-base-21.0.5-mac-aarch64.jar:/Users/apusmac/.m2/repository/org/openjfx/javafx-swing/21.0.5/javafx-swing-21.0.5.jar:/Users/apusmac/.m2/repository/org/openjfx/javafx-swing/21.0.5/javafx-swing-21.0.5-mac-aarch64.jar:/Users/apusmac/.m2/repository/org/xerial/sqlite-jdbc/3.47.0.0/sqlite-jdbc-3.47.0.0.jar:/Users/apusmac/.m2/repository/com/google/code/gson/gson/2.11.0/gson-2.11.0.jar:/Users/apusmac/.m2/repository/com/google/errorprone/error_prone_annotations/2.27.0/error_prone_annotations-2.27.0.jar
Launcher Type: SUN_STANDARD

[Global flags]
     bool AOTAdapterCaching                        = false                                  {diagnostic} {ergonomic}
     bool AOTInvokeDynamicLinking                  = false                                  {diagnostic} {ergonomic}
     bool AOTRecordTraining                        = false                                  {diagnostic} {ergonomic}
     bool AOTReplayTraining                        = false                                  {diagnostic} {ergonomic}
     bool AOTStubCaching                           = false                                  {diagnostic} {ergonomic}
     intx CICompilerCount                          = 4                                         {product} {ergonomic}
     uint ConcGCThreads                            = 2                                         {product} {ergonomic}
     uint G1ConcRefinementThreads                  = 8                                         {product} {ergonomic}
     uint G1EagerReclaimRemSetThreshold            = 10                                   {experimental} {ergonomic}
   size_t G1HeapRegionSize                         = 1048576                                   {product} {ergonomic}
     uint G1RemSetArrayOfCardsEntries              = 10                                   {experimental} {ergonomic}
     uint G1RemSetHowlMaxNumBuckets                = 8                                    {experimental} {ergonomic}
     uint G1RemSetHowlNumBuckets                   = 4                                    {experimental} {ergonomic}
   size_t InitialHeapSize                          = 8388608                                   {product} {ergonomic}
   size_t MarkStackSize                            = 4194304                                   {product} {ergonomic}
   size_t MarkStackSizeMax                         = 536870912                                 {product} {ergonomic}
   size_t MaxHeapSize                              = 2147483648                                {product} {ergonomic}
   size_t MaxNewSize                               = 1287651328                                {product} {ergonomic}
 uint64_t MaxRAM                                   = 8589934592                                {product} {ergonomic}
   size_t MinHeapDeltaBytes                        = 1048576                                   {product} {ergonomic}
   size_t MinHeapSize                              = 8388608                                   {product} {ergonomic}
   size_t NonNMethodCodeHeapSize                   = 5849088                                {pd product} {ergonomic}
   size_t NonProfiledCodeHeapSize                  = 122912768                              {pd product} {ergonomic}
   size_t ProfiledCodeHeapSize                     = 122912768                              {pd product} {ergonomic}
   size_t ReservedCodeCacheSize                    = 251674624                              {pd product} {ergonomic}
     bool SegmentedCodeCache                       = true                                      {product} {ergonomic}
   size_t SoftMaxHeapSize                          = 2147483648                             {manageable} {ergonomic}
     bool UseCompressedOops                        = true                           {product lp64_product} {ergonomic}
     bool UseCondCardMark                          = true                                      {product} {ergonomic}
     bool UseG1GC                                  = true                                      {product} {ergonomic}
     bool UseNUMA                                  = false                                     {product} {ergonomic}
     bool UseNUMAInterleaving                      = false                                     {product} {ergonomic}

Logging:
Log output configuration:
 #0: stdout all=warning uptime,level,tags foldmultilines=false
 #1: stderr all=off uptime,level,tags foldmultilines=false

Release file:
IMPLEMENTOR="Oracle Corporation"
JAVA_RUNTIME_VERSION="26.0.2.1+1-7"
JAVA_VERSION="26.0.2.1"
JAVA_VERSION_DATE="2026-08-18"
LIBC="default"
MODULES="java.base java.compiler java.datatransfer java.xml java.prefs java.desktop java.instrument java.logging java.management java.security.sasl java.naming java.rmi java.management.rmi java.net.http java.scripting java.security.jgss java.transaction.xa java.sql java.sql.rowset java.xml.crypto java.se java.smartcardio jdk.accessibility jdk.internal.jvmstat jdk.attach jdk.charsets jdk.internal.opt jdk.zipfs jdk.compiler jdk.crypto.cryptoki jdk.crypto.ec jdk.dynalink jdk.internal.ed jdk.editpad jdk.internal.vm.ci jdk.graal.compiler jdk.graal.compiler.management jdk.hotspot.agent jdk.httpserver jdk.incubator.vector jdk.internal.le jdk.internal.md jdk.jartool jdk.javadoc jdk.jcmd jdk.management jdk.management.agent jdk.jconsole jdk.jdeps jdk.jdwp.agent jdk.jdi jdk.jfr jdk.jlink jdk.jpackage jdk.jshell jdk.jstatd jdk.localedata jdk.management.jfr jdk.naming.dns jdk.naming.rmi jdk.net jdk.nio.mapmode jdk.sctp jdk.security.auth jdk.security.jgss jdk.unsupported jdk.unsupported.desktop jdk.xml.dom"
OS_ARCH="aarch64"
OS_NAME="Darwin"
SOURCE=".:git:d55edf1cba61"

Environment Variables:
PATH=/opt/homebrew/bin:/opt/homebrew/sbin:/usr/local/bin:/System/Cryptexes/App/usr/bin:/usr/bin:/bin:/usr/sbin:/sbin:/var/run/com.apple.security.cryptexd/codex.system/bootstrap/usr/local/bin:/var/run/com.apple.security.cryptexd/codex.system/bootstrap/usr/bin:/var/run/com.apple.security.cryptexd/codex.system/bootstrap/usr/appleinternal/bin:/opt/pmk/env/global/bin:/Applications/VMware Fusion.app/Contents/Public
SHELL=/bin/zsh
LANG=C.UTF-8
TMPDIR=/var/folders/6t/4h_wm5wd6cz893sv4_z_p6hw0000gn/T/

Active Locale:
LC_ALL=C.UTF-8
LC_COLLATE=C.UTF-8
LC_CTYPE=C.UTF-8
LC_MESSAGES=C.UTF-8
LC_MONETARY=C.UTF-8
LC_NUMERIC=C.UTF-8
LC_TIME=C.UTF-8

Signal Handlers:
   SIGSEGV: crash_handler in libjvm.dylib, mask=11100110000111110111111111111111, flags=SA_ONSTACK|SA_RESTART|SA_SIGINFO, unblocked
    SIGBUS: crash_handler in libjvm.dylib, mask=11100110000111110111111111111111, flags=SA_RESTART|SA_SIGINFO, unblocked
    SIGFPE: crash_handler in libjvm.dylib, mask=11100110000111110111111111111111, flags=SA_RESTART|SA_SIGINFO, unblocked
   SIGPIPE: javaSignalHandler in libjvm.dylib, mask=11100110000111110111111111111111, flags=SA_RESTART|SA_SIGINFO, blocked
   SIGXFSZ: javaSignalHandler in libjvm.dylib, mask=11100110000111110111111111111111, flags=SA_RESTART|SA_SIGINFO, blocked
    SIGILL: crash_handler in libjvm.dylib, mask=11100110000111110111111111111111, flags=SA_RESTART|SA_SIGINFO, unblocked
   SIGUSR2: SR_handler in libjvm.dylib, mask=00000000000000000000000000000000, flags=SA_RESTART|SA_SIGINFO, blocked
    SIGHUP: UserHandler in libjvm.dylib, mask=11100110000111110111111111111111, flags=SA_RESTART|SA_SIGINFO, blocked
    SIGINT: UserHandler in libjvm.dylib, mask=11100110000111110111111111111111, flags=SA_RESTART|SA_SIGINFO, blocked
   SIGTERM: UserHandler in libjvm.dylib, mask=11100110000111110111111111111111, flags=SA_RESTART|SA_SIGINFO, blocked
   SIGQUIT: UserHandler in libjvm.dylib, mask=11100110000111110111111111111111, flags=SA_RESTART|SA_SIGINFO, blocked
   SIGTRAP: crash_handler in libjvm.dylib, mask=11100110000111110111111111111111, flags=SA_RESTART|SA_SIGINFO, unblocked

Compilation memory statistics disabled.

Periodic native trim disabled

---------------  S Y S T E M  ---------------

OS:
uname: Darwin 25.1.0 Darwin Kernel Version 25.1.0: Mon Oct 20 19:32:47 PDT 2025; root:xnu-12377.41.6~2/RELEASE_ARM64_T8103 arm64
OS uptime: 104 days 2:34 hours
rlimit (soft/hard): STACK 8176k/65520k , CORE 0k/infinity , NPROC 1333/2000 , NOFILE 1048576/infinity , AS infinity/infinity , CPU infinity/infinity , DATA infinity/infinity , FSIZE infinity/infinity , MEMLOCK infinity/infinity , RSS infinity/infinity
load average: 5.86 6.74 5.47

CPU: total 8 (initial active 8) 0x61:0x0:0x1b588bb3:0, fp, asimd, aes, pmull, sha1, sha256, crc32, lse, sha3, sha512, sb
machdep.cpu.brand_string:Apple M1
hw.cachelinesize:128
hw.l1icachesize:131072
hw.l1dcachesize:65536
hw.l2cachesize:4194304

Memory: 16k page, physical 8388608k(1425520k free), swap 4194304k(1214912k free)

vm_info: OpenJDK 64-Bit Server VM (26.0.2.1+1-7) for bsd-aarch64 JRE (26.0.2.1+1-7), built on 2026-07-24T06:55:58Z with clang Apple LLVM 15.0.0 (clang-1500.3.9.4)

END.
